,artist,album_name,album_uri,track,release_date,id,song_uri,track_href,analysis_url,type,danceability,energy,key,loudness,mode,speechiness,acousticness,instrumentalness,liveness,valence,tempo,duration_ms,time_signature
0,Clueso,37 Grad im Paradies,spotify:album:5YzSgYPNMpoGhsiJuxsxx1,37 Grad im Paradies,2021-09-10,1hZdD6Jf5QB4az60f7JasG,spotify:track:1hZdD6Jf5QB4az60f7JasG,https://api.spotify.com/v1/tracks/1hZdD6Jf5QB4az60f7JasG,https://api.spotify.com/v1/audio-analysis/1hZdD6Jf5QB4az60f7JasG,audio_features,0.704,0.761,2,-5.175,0,0.0866,0.193,0.0,0.371,0.92,109.957,143904,4
1,Clueso,37 Grad im Paradies,spotify:album:5YzSgYPNMpoGhsiJuxsxx1,Willkommen Zurück (feat. Andreas Bourani),2021-09-10,39y82nQly82LaIC6o6eam3,spotify:track:39y82nQly82LaIC6o6eam3,https://api.spotify.com/v1/tracks/39y82nQly82LaIC6o6eam3,https://api.spotify.com/v1/audio-analysis/39y82nQly82LaIC6o6eam3,audio_features,0.552,0.699,0,-4.448,1,0.244,0.114,3.34e-06,0.171,0.735,96.741,149661,4
2,Clueso,37 Grad im Paradies,spotify:album:5YzSgYPNMpoGhsiJuxsxx1,Leider Berlin,2021-09-10,72JzOET71wM1n7L46ud0uy,spotify:track:72JzOET71wM1n7L46ud0uy,https://api.spotify.com/v1/tracks/72JzOET71wM1n7L46ud0uy,https://api.spotify.com/v1/audio-analysis/72JzOET71wM1n7L46ud0uy,audio_features,0.731,0.837,7,-4.29,0,0.03,0.0775,1.22e-05,0.216,0.635,119.989,192668,4
3,Clueso,37 Grad im Paradies,spotify:album:5YzSgYPNMpoGhsiJuxsxx1,Du Warst Immer Dabei,2021-09-10,0BLeKB3iteYyaS10h67TY2,spotify:track:0BLeKB3iteYyaS10h67TY2,https://api.spotify.com/v1/tracks/0BLeKB3iteYyaS10h67TY2,https://api.spotify.com/v1/audio-analysis/0BLeKB3iteYyaS10h67TY2,audio_features,0.732,0.516,6,-8.611,1,0.0999,0.761,1.24e-05,0.0819,0.665,155.939,176346,4
4,Clueso,37 Grad im Paradies,spotify:album:5YzSgYPNMpoGhsiJuxsxx1,Aber Ohne Dich,2021-09-10,2TmSY7Chow5iMpIIOLnNbq,spotify:track:2TmSY7Chow5iMpIIOLnNbq,https://api.spotify.com/v1/tracks/2TmSY7Chow5iMpIIOLnNbq,https://api.spotify.com/v1/audio-analysis/2TmSY7Chow5iMpIIOLnNbq,audio_features,0.794,0.732,8,-5.864,0,0.149,0.539,1.56e-05,0.117,0.417,98.959,172733,4
5,Clueso,37 Grad im Paradies,spotify:album:5YzSgYPNMpoGhsiJuxsxx1,Flugmodus,2021-09-10,3VrgQhEaG8ivzUZ9TMu1nH,spotify:track:3VrgQhEaG8ivzUZ9TMu1nH,https://api.spotify.com/v1/tracks/3VrgQhEaG8ivzUZ9TMu1nH,https://api.spotify.com/v1/audio-analysis/3VrgQhEaG8ivzUZ9TMu1nH,audio_features,0.724,0.535,8,-6.273,1,0.0858,0.608,0.0,0.387,0.705,140.01,178399,3
6,Clueso,37 Grad im Paradies,spotify:album:5YzSgYPNMpoGhsiJuxsxx1,Tanzen,2021-09-10,6aZJXIkdjjQGZEVOF7suGW,spotify:track:6aZJXIkdjjQGZEVOF7suGW,https://api.spotify.com/v1/tracks/6aZJXIkdjjQGZEVOF7suGW,https://api.spotify.com/v1/audio-analysis/6aZJXIkdjjQGZEVOF7suGW,audio_features,0.889,0.53,9,-5.114,0,0.0999,0.215,0.0,0.0744,0.797,99.015,167800,4
7,Clueso,37 Grad im Paradies,spotify:album:5YzSgYPNMpoGhsiJuxsxx1,Sag Mir Was Du Willst,2021-09-10,73Ghkf1A4BnC2L7ia7S18W,spotify:track:73Ghkf1A4BnC2L7ia7S18W,https://api.spotify.com/v1/tracks/73Ghkf1A4BnC2L7ia7S18W,https://api.spotify.com/v1/audio-analysis/73Ghkf1A4BnC2L7ia7S18W,audio_features,0.752,0.642,5,-5.297,1,0.049,0.364,0.0,0.269,0.669,95.001,183485,4
8,Clueso,Willkommen Zurück,spotify:album:0Qv02wmRha9676ze1Wt20x,Willkommen Zurück (feat. Andreas Bourani),2021-07-01,5KGRq831ZKRYTlptAupEJQ,spotify:track:5KGRq831ZKRYTlptAupEJQ,https://api.spotify.com/v1/tracks/5KGRq831ZKRYTlptAupEJQ,https://api.spotify.com/v1/audio-analysis/5KGRq831ZKRYTlptAupEJQ,audio_features,0.637,0.681,0,-5.049,1,0.228,0.195,6.02e-06,0.157,0.758,98.777,149655,4
9,Clueso,Willkommen Zurück,spotify:album:0Qv02wmRha9676ze1Wt20x,Leider Berlin,2021-07-01,0OLinqVSoh19VtMz2lQGSG,spotify:track:0OLinqVSoh19VtMz2lQGSG,https://api.spotify.com/v1/tracks/0OLinqVSoh19VtMz2lQGSG,https://api.spotify.com/v1/audio-analysis/0OLinqVSoh19VtMz2lQGSG,audio_features,0.731,0.829,7,-4.407,0,0.0299,0.097,1.21e-05,0.218,0.68,119.987,192984,4
10,Clueso,Willkommen Zurück,spotify:album:0Qv02wmRha9676ze1Wt20x,Du Warst Immer Dabei,2021-07-01,5gwW8EOSHXkXbnM9C7ySMN,spotify:track:5gwW8EOSHXkXbnM9C7ySMN,https://api.spotify.com/v1/tracks/5gwW8EOSHXkXbnM9C7ySMN,https://api.spotify.com/v1/audio-analysis/5gwW8EOSHXkXbnM9C7ySMN,audio_features,0.726,0.533,6,-7.784,1,0.16,0.783,4.73e-05,0.0983,0.538,156.007,175824,4
11,Clueso,Willkommen Zurück,spotify:album:0Qv02wmRha9676ze1Wt20x,Aber Ohne Dich,2021-07-01,5ivDDF2O4kmtEnxSiTTG7I,spotify:track:5ivDDF2O4kmtEnxSiTTG7I,https://api.spotify.com/v1/tracks/5ivDDF2O4kmtEnxSiTTG7I,https://api.spotify.com/v1/audio-analysis/5ivDDF2O4kmtEnxSiTTG7I,audio_features,0.799,0.698,8,-6.632,0,0.161,0.545,7.7e-05,0.103,0.404,98.936,171964,4
12,Clueso,Willkommen Zurück,spotify:album:0Qv02wmRha9676ze1Wt20x,Flugmodus,2021-07-01,7lVJTrfsxre6hVN160Om7G,spotify:track:7lVJTrfsxre6hVN160Om7G,https://api.spotify.com/v1/tracks/7lVJTrfsxre6hVN160Om7G,https://api.spotify.com/v1/audio-analysis/7lVJTrfsxre6hVN160Om7G,audio_features,0.723,0.535,5,-6.273,0,0.0753,0.608,0.0,0.346,0.707,140.013,178121,3
13,Clueso,Willkommen Zurück,spotify:album:0Qv02wmRha9676ze1Wt20x,Tanzen,2021-07-01,1jT9lJ8EmopLTkQtfRZdYa,spotify:track:1jT9lJ8EmopLTkQtfRZdYa,https://api.spotify.com/v1/tracks/1jT9lJ8EmopLTkQtfRZdYa,https://api.spotify.com/v1/audio-analysis/1jT9lJ8EmopLTkQtfRZdYa,audio_features,0.892,0.5,9,-5.66,0,0.0862,0.303,0.0,0.0871,0.801,99.019,167721,4
14,Clueso,Willkommen Zurück,spotify:album:0Qv02wmRha9676ze1Wt20x,Sag Mir Was Du Willst,2021-07-01,1YbpiZyIfmJdpoOWLQjtz0,spotify:track:1YbpiZyIfmJdpoOWLQjtz0,https://api.spotify.com/v1/tracks/1YbpiZyIfmJdpoOWLQjtz0,https://api.spotify.com/v1/audio-analysis/1YbpiZyIfmJdpoOWLQjtz0,audio_features,0.747,0.655,5,-5.272,1,0.0486,0.397,0.0,0.331,0.671,95.011,183203,4
15,Clueso,Handgepäck I,spotify:album:4ckkL9Kjq737Hcuqe4cWAk,Aufbruch,2018-08-24,3XZWMghIitGlHtUJwA3r2E,spotify:track:3XZWMghIitGlHtUJwA3r2E,https://api.spotify.com/v1/tracks/3XZWMghIitGlHtUJwA3r2E,https://api.spotify.com/v1/audio-analysis/3XZWMghIitGlHtUJwA3r2E,audio_features,0.269,0.0752,0,-18.738,0,0.0371,0.972,0.717,0.0854,0.0711,115.533,68521,4
16,Clueso,Handgepäck I,spotify:album:4ckkL9Kjq737Hcuqe4cWAk,Wie versprochen,2018-08-24,3KQ8BI3qEGlze3ToDNIfJ9,spotify:track:3KQ8BI3qEGlze3ToDNIfJ9,https://api.spotify.com/v1/tracks/3KQ8BI3qEGlze3ToDNIfJ9,https://api.spotify.com/v1/audio-analysis/3KQ8BI3qEGlze3ToDNIfJ9,audio_features,0.676,0.495,5,-7.535,1,0.0253,0.317,0.000309,0.0514,0.433,134.955,224371,4
17,Clueso,Handgepäck I,spotify:album:4ckkL9Kjq737Hcuqe4cWAk,Vier Jahreszeiten an einem Tag,2018-08-24,0T3pLdXFA2rAeEgac5UF7V,spotify:track:0T3pLdXFA2rAeEgac5UF7V,https://api.spotify.com/v1/tracks/0T3pLdXFA2rAeEgac5UF7V,https://api.spotify.com/v1/audio-analysis/0T3pLdXFA2rAeEgac5UF7V,audio_features,0.607,0.464,9,-7.407,1,0.0315,0.764,1.56e-05,0.131,0.509,178.167,171668,4
18,Clueso,Handgepäck I,spotify:album:4ckkL9Kjq737Hcuqe4cWAk,Waldrandlichter,2018-08-24,67M3Utyfsfqr1Lt4LbQ7rO,spotify:track:67M3Utyfsfqr1Lt4LbQ7rO,https://api.spotify.com/v1/tracks/67M3Utyfsfqr1Lt4LbQ7rO,https://api.spotify.com/v1/audio-analysis/67M3Utyfsfqr1Lt4LbQ7rO,audio_features,0.607,0.622,11,-9.0,0,0.0281,0.857,8.32e-05,0.11,0.548,93.499,198690,4
19,Clueso,Handgepäck I,spotify:album:4ckkL9Kjq737Hcuqe4cWAk,Stein,2018-08-24,60ryw9Wiww7gjS1RQSOyVS,spotify:track:60ryw9Wiww7gjS1RQSOyVS,https://api.spotify.com/v1/tracks/60ryw9Wiww7gjS1RQSOyVS,https://api.spotify.com/v1/audio-analysis/60ryw9Wiww7gjS1RQSOyVS,audio_features,0.437,0.282,2,-12.727,1,0.0362,0.806,0.00494,0.138,0.223,135.125,160041,5
20,Clueso,Handgepäck I,spotify:album:4ckkL9Kjq737Hcuqe4cWAk,Einfache Fahrt,2018-08-24,2o5AYC0Ftxh5Mlx4P26UNk,spotify:track:2o5AYC0Ftxh5Mlx4P26UNk,https://api.spotify.com/v1/tracks/2o5AYC0Ftxh5Mlx4P26UNk,https://api.spotify.com/v1/audio-analysis/2o5AYC0Ftxh5Mlx4P26UNk,audio_features,0.598,0.429,4,-11.155,0,0.0398,0.682,0.00946,0.127,0.378,79.941,191984,4
21,Clueso,Handgepäck I,spotify:album:4ckkL9Kjq737Hcuqe4cWAk,Zwischenstopp,2018-08-24,1ooP7Sxy5Ao6QtyHbbTHVC,spotify:track:1ooP7Sxy5Ao6QtyHbbTHVC,https://api.spotify.com/v1/tracks/1ooP7Sxy5Ao6QtyHbbTHVC,https://api.spotify.com/v1/audio-analysis/1ooP7Sxy5Ao6QtyHbbTHVC,audio_features,0.502,0.423,11,-8.892,0,0.0453,0.756,0.28,0.345,0.558,172.457,90413,3
22,Clueso,Handgepäck I,spotify:album:4ckkL9Kjq737Hcuqe4cWAk,Du und Ich,2018-08-24,6nFHXIv0gt2zFmzhgD8W24,spotify:track:6nFHXIv0gt2zFmzhgD8W24,https://api.spotify.com/v1/tracks/6nFHXIv0gt2zFmzhgD8W24,https://api.spotify.com/v1/audio-analysis/6nFHXIv0gt2zFmzhgD8W24,audio_features,0.869,0.652,7,-7.375,1,0.0506,0.731,7.79e-05,0.267,0.871,101.982,193483,3
23,Clueso,Handgepäck I,spotify:album:4ckkL9Kjq737Hcuqe4cWAk,Wenn ein Mensch lebt,2018-08-24,6Q2oUl9Xy7JJpX6rS1fD0D,spotify:track:6Q2oUl9Xy7JJpX6rS1fD0D,https://api.spotify.com/v1/tracks/6Q2oUl9Xy7JJpX6rS1fD0D,https://api.spotify.com/v1/audio-analysis/6Q2oUl9Xy7JJpX6rS1fD0D,audio_features,0.391,0.229,1,-10.616,0,0.0323,0.937,0.0227,0.115,0.223,173.53,187079,3
24,Clueso,Handgepäck I,spotify:album:4ckkL9Kjq737Hcuqe4cWAk,Wüste,2018-08-24,6pqKQQ8X9VRo3Z9DmbEUu5,spotify:track:6pqKQQ8X9VRo3Z9DmbEUu5,https://api.spotify.com/v1/tracks/6pqKQQ8X9VRo3Z9DmbEUu5,https://api.spotify.com/v1/audio-analysis/6pqKQQ8X9VRo3Z9DmbEUu5,audio_features,0.587,0.343,3,-12.844,1,0.0341,0.811,0.43,0.155,0.323,97.804,120161,4
25,Clueso,Handgepäck I,spotify:album:4ckkL9Kjq737Hcuqe4cWAk,Landstreicher,2018-08-24,04ucdFQC8SiTL03VLLY4aN,spotify:track:04ucdFQC8SiTL03VLLY4aN,https://api.spotify.com/v1/tracks/04ucdFQC8SiTL03VLLY4aN,https://api.spotify.com/v1/audio-analysis/04ucdFQC8SiTL03VLLY4aN,audio_features,0.706,0.336,5,-12.059,1,0.0574,0.852,0.000851,0.102,0.672,131.334,87429,4
26,Clueso,Handgepäck I,spotify:album:4ckkL9Kjq737Hcuqe4cWAk,Zimmer 102,2018-08-24,7b66UZej5UDsSP6c6XlsBu,spotify:track:7b66UZej5UDsSP6c6XlsBu,https://api.spotify.com/v1/tracks/7b66UZej5UDsSP6c6XlsBu,https://api.spotify.com/v1/audio-analysis/7b66UZej5UDsSP6c6XlsBu,audio_features,0.718,0.448,7,-8.291,1,0.0309,0.505,0.000549,0.543,0.334,115.575,247488,4
27,Clueso,Handgepäck I,spotify:album:4ckkL9Kjq737Hcuqe4cWAk,Kurz vor Abflug,2018-08-24,0cyDQvbJ4m1A3BGj8NpMCV,spotify:track:0cyDQvbJ4m1A3BGj8NpMCV,https://api.spotify.com/v1/tracks/0cyDQvbJ4m1A3BGj8NpMCV,https://api.spotify.com/v1/audio-analysis/0cyDQvbJ4m1A3BGj8NpMCV,audio_features,0.635,0.433,0,-9.118,1,0.0343,0.665,0.165,0.248,0.341,118.059,242372,4
28,Clueso,Handgepäck I,spotify:album:4ckkL9Kjq737Hcuqe4cWAk,Auf Kredit,2018-08-24,6ILMRfi8OpnqUQSFLMQFe5,spotify:track:6ILMRfi8OpnqUQSFLMQFe5,https://api.spotify.com/v1/tracks/6ILMRfi8OpnqUQSFLMQFe5,https://api.spotify.com/v1/audio-analysis/6ILMRfi8OpnqUQSFLMQFe5,audio_features,0.467,0.281,7,-10.059,1,0.0297,0.888,0.000447,0.129,0.117,95.78,267784,4
29,Clueso,Handgepäck I,spotify:album:4ckkL9Kjq737Hcuqe4cWAk,Es ist schon spät,2018-08-24,5GdBeXjAd4ThCZ5Af7vCF8,spotify:track:5GdBeXjAd4ThCZ5Af7vCF8,https://api.spotify.com/v1/tracks/5GdBeXjAd4ThCZ5Af7vCF8,https://api.spotify.com/v1/audio-analysis/5GdBeXjAd4ThCZ5Af7vCF8,audio_features,0.588,0.301,2,-11.158,0,0.0332,0.903,0.000302,0.128,0.149,143.971,124523,4
30,Clueso,Handgepäck I,spotify:album:4ckkL9Kjq737Hcuqe4cWAk,Dünnes Eis,2018-08-24,76J91m1FHx4CB7OdpojRS2,spotify:track:76J91m1FHx4CB7OdpojRS2,https://api.spotify.com/v1/tracks/76J91m1FHx4CB7OdpojRS2,https://api.spotify.com/v1/audio-analysis/76J91m1FHx4CB7OdpojRS2,audio_features,0.762,0.288,2,-11.151,1,0.0391,0.894,0.00182,0.452,0.455,96.007,211069,4
31,Clueso,Handgepäck I,spotify:album:4ckkL9Kjq737Hcuqe4cWAk,Morgen ist der Winter vorbei,2018-08-24,29thuGn0x3LYzNrF7ju23B,spotify:track:29thuGn0x3LYzNrF7ju23B,https://api.spotify.com/v1/tracks/29thuGn0x3LYzNrF7ju23B,https://api.spotify.com/v1/audio-analysis/29thuGn0x3LYzNrF7ju23B,audio_features,0.656,0.226,7,-9.409,1,0.0348,0.922,0.000734,0.25,0.318,116.142,199529,4
32,Clueso,Handgepäck I,spotify:album:4ckkL9Kjq737Hcuqe4cWAk,Paris,2018-08-24,6YWZysg2Ua4Ah7MtuVB1sR,spotify:track:6YWZysg2Ua4Ah7MtuVB1sR,https://api.spotify.com/v1/tracks/6YWZysg2Ua4Ah7MtuVB1sR,https://api.spotify.com/v1/audio-analysis/6YWZysg2Ua4Ah7MtuVB1sR,audio_features,0.404,0.268,5,-9.977,0,0.0361,0.941,7.58e-05,0.868,0.567,155.568,263646,3
33,Clueso,Neuanfang,spotify:album:6W2dRaTI0N8DxxcK4BrUcH,Neuanfang,2016-10-14,3uuCSRW0BOayXKGN3N8PNQ,spotify:track:3uuCSRW0BOayXKGN3N8PNQ,https://api.spotify.com/v1/tracks/3uuCSRW0BOayXKGN3N8PNQ,https://api.spotify.com/v1/audio-analysis/3uuCSRW0BOayXKGN3N8PNQ,audio_features,0.655,0.657,7,-6.399,1,0.0362,0.0129,6.07e-06,0.326,0.658,128.005,186160,4
34,Clueso,Neuanfang,spotify:album:6W2dRaTI0N8DxxcK4BrUcH,Achterbahn,2016-10-14,1DS3d4C8LjzlQhwzOFq8bI,spotify:track:1DS3d4C8LjzlQhwzOFq8bI,https://api.spotify.com/v1/tracks/1DS3d4C8LjzlQhwzOFq8bI,https://api.spotify.com/v1/audio-analysis/1DS3d4C8LjzlQhwzOFq8bI,audio_features,0.785,0.866,4,-5.376,0,0.0478,0.153,0.0,0.0694,0.827,122.748,210960,4
35,Clueso,Neuanfang,spotify:album:6W2dRaTI0N8DxxcK4BrUcH,Neue Luft,2016-10-14,0W7vSUiPbRjuG4L5sHD8V8,spotify:track:0W7vSUiPbRjuG4L5sHD8V8,https://api.spotify.com/v1/tracks/0W7vSUiPbRjuG4L5sHD8V8,https://api.spotify.com/v1/audio-analysis/0W7vSUiPbRjuG4L5sHD8V8,audio_features,0.657,0.42,2,-8.492,0,0.028,0.545,4.81e-05,0.0691,0.451,77.982,255667,4
36,Clueso,Neuanfang,spotify:album:6W2dRaTI0N8DxxcK4BrUcH,Erinnerungen,2016-10-14,0bv4WfoKr5rWs9V2GxuaOW,spotify:track:0bv4WfoKr5rWs9V2GxuaOW,https://api.spotify.com/v1/tracks/0bv4WfoKr5rWs9V2GxuaOW,https://api.spotify.com/v1/audio-analysis/0bv4WfoKr5rWs9V2GxuaOW,audio_features,0.634,0.789,5,-7.86,0,0.0408,0.25,0.00187,0.1,0.538,89.006,283920,4
37,Clueso,Neuanfang,spotify:album:6W2dRaTI0N8DxxcK4BrUcH,Wenn du liebst,2016-10-14,7Cucc60UNVCKSYcdfIPFKe,spotify:track:7Cucc60UNVCKSYcdfIPFKe,https://api.spotify.com/v1/tracks/7Cucc60UNVCKSYcdfIPFKe,https://api.spotify.com/v1/audio-analysis/7Cucc60UNVCKSYcdfIPFKe,audio_features,0.702,0.32,7,-10.407,0,0.0293,0.836,9.05e-05,0.204,0.489,89.008,242960,4
38,Clueso,Neuanfang,spotify:album:6W2dRaTI0N8DxxcK4BrUcH,Lass sie reden,2016-10-14,1jw4ePqfqpbEl2vp0buzua,spotify:track:1jw4ePqfqpbEl2vp0buzua,https://api.spotify.com/v1/tracks/1jw4ePqfqpbEl2vp0buzua,https://api.spotify.com/v1/audio-analysis/1jw4ePqfqpbEl2vp0buzua,audio_features,0.77,0.618,1,-7.442,1,0.0305,0.661,0.00298,0.171,0.849,127.979,249453,4
39,Clueso,Neuanfang,spotify:album:6W2dRaTI0N8DxxcK4BrUcH,Anderssein,2016-10-14,0BzFRWu9GSWZM0v6Zpij2k,spotify:track:0BzFRWu9GSWZM0v6Zpij2k,https://api.spotify.com/v1/tracks/0BzFRWu9GSWZM0v6Zpij2k,https://api.spotify.com/v1/audio-analysis/0BzFRWu9GSWZM0v6Zpij2k,audio_features,0.684,0.833,4,-5.628,0,0.0734,0.221,7.26e-05,0.0965,0.961,155.96,208827,4
40,Clueso,Neuanfang,spotify:album:6W2dRaTI0N8DxxcK4BrUcH,Gordo,2016-10-14,0KxGzAqya13zjGe5BVN3pH,spotify:track:0KxGzAqya13zjGe5BVN3pH,https://api.spotify.com/v1/tracks/0KxGzAqya13zjGe5BVN3pH,https://api.spotify.com/v1/audio-analysis/0KxGzAqya13zjGe5BVN3pH,audio_features,0.745,0.68,7,-8.129,1,0.038,0.164,0.000395,0.087,0.512,124.013,270987,4
41,Clueso,Neuanfang,spotify:album:6W2dRaTI0N8DxxcK4BrUcH,Jeder lebt für sich allein,2016-10-14,1RwZN2WVjGFZu4r7KqPsGn,spotify:track:1RwZN2WVjGFZu4r7KqPsGn,https://api.spotify.com/v1/tracks/1RwZN2WVjGFZu4r7KqPsGn,https://api.spotify.com/v1/audio-analysis/1RwZN2WVjGFZu4r7KqPsGn,audio_features,0.597,0.393,8,-9.903,1,0.0438,0.805,0.00795,0.105,0.478,80.989,238253,4
42,Clueso,Neuanfang,spotify:album:6W2dRaTI0N8DxxcK4BrUcH,Sorgenfrei,2016-10-14,6DqA4oFoJ6QJbfPfo1tf4J,spotify:track:6DqA4oFoJ6QJbfPfo1tf4J,https://api.spotify.com/v1/tracks/6DqA4oFoJ6QJbfPfo1tf4J,https://api.spotify.com/v1/audio-analysis/6DqA4oFoJ6QJbfPfo1tf4J,audio_features,0.589,0.385,4,-11.184,1,0.0302,0.709,0.00117,0.13,0.217,128.531,277400,4
53,Clueso,Neuanfang (Deluxe Edition),spotify:album:6IaWqDs0ldptwVfTLhgGSK,Neuanfang - Tilmann Jarmer Remix,2016-10-14,10RvtyYIZ9jT3IvIf22Tne,spotify:track:10RvtyYIZ9jT3IvIf22Tne,https://api.spotify.com/v1/tracks/10RvtyYIZ9jT3IvIf22Tne,https://api.spotify.com/v1/audio-analysis/10RvtyYIZ9jT3IvIf22Tne,audio_features,0.685,0.544,2,-9.552,1,0.202,0.517,0.0,0.117,0.244,127.83,161653,4
54,Clueso,Neuanfang (Deluxe Edition),spotify:album:6IaWqDs0ldptwVfTLhgGSK,Neue Luft - Grunert Remix,2016-10-14,2P8VEVUwqWM4moUKZLz5P7,spotify:track:2P8VEVUwqWM4moUKZLz5P7,https://api.spotify.com/v1/tracks/2P8VEVUwqWM4moUKZLz5P7,https://api.spotify.com/v1/audio-analysis/2P8VEVUwqWM4moUKZLz5P7,audio_features,0.406,0.196,2,-15.202,0,0.0357,0.903,3.71e-05,0.0937,0.195,156.066,304920,4
55,Clueso,Neuanfang (Deluxe Edition),spotify:album:6IaWqDs0ldptwVfTLhgGSK,Erinnerungen - tim neuhaus & f i s c h e r Remix,2016-10-14,3Mw1adeA9goI0IpDjYSptE,spotify:track:3Mw1adeA9goI0IpDjYSptE,https://api.spotify.com/v1/tracks/3Mw1adeA9goI0IpDjYSptE,https://api.spotify.com/v1/audio-analysis/3Mw1adeA9goI0IpDjYSptE,audio_features,0.253,0.45,5,-10.502,0,0.0542,0.512,7.87e-05,0.118,0.141,178.195,314573,4
56,Clueso,Neuanfang (Deluxe Edition),spotify:album:6IaWqDs0ldptwVfTLhgGSK,Anderssein - Egotron Remix,2016-10-14,2BozZq12Tfb0CLewD3zoF6,spotify:track:2BozZq12Tfb0CLewD3zoF6,https://api.spotify.com/v1/tracks/2BozZq12Tfb0CLewD3zoF6,https://api.spotify.com/v1/audio-analysis/2BozZq12Tfb0CLewD3zoF6,audio_features,0.606,0.661,2,-8.352,1,0.0579,0.0348,0.000654,0.305,0.187,77.956,208827,4
57,Clueso,Neuanfang (Deluxe Edition),spotify:album:6IaWqDs0ldptwVfTLhgGSK,Jeder lebt für sich allein - Clueso & DJ Beathova Remix,2016-10-14,4QeQmsklziiQPGqoBqfJjz,spotify:track:4QeQmsklziiQPGqoBqfJjz,https://api.spotify.com/v1/tracks/4QeQmsklziiQPGqoBqfJjz,https://api.spotify.com/v1/audio-analysis/4QeQmsklziiQPGqoBqfJjz,audio_features,0.657,0.532,1,-9.955,1,0.0826,0.43,0.00555,0.114,0.283,162.035,242693,4
58,Clueso,Neuanfang (Deluxe Edition),spotify:album:6IaWqDs0ldptwVfTLhgGSK,Achterbahn - Handgepäck Version,2016-10-14,17cccNlFqOyiVbRTKh0vYY,spotify:track:17cccNlFqOyiVbRTKh0vYY,https://api.spotify.com/v1/tracks/17cccNlFqOyiVbRTKh0vYY,https://api.spotify.com/v1/audio-analysis/17cccNlFqOyiVbRTKh0vYY,audio_features,0.673,0.529,7,-11.514,1,0.0409,0.75,0.000374,0.353,0.559,115.518,203347,4
59,Clueso,Neuanfang (Deluxe Edition),spotify:album:6IaWqDs0ldptwVfTLhgGSK,Anderssein - Akustik Version,2016-10-14,6quAyTNlmoJsiisgMgyAMF,spotify:track:6quAyTNlmoJsiisgMgyAMF,https://api.spotify.com/v1/tracks/6quAyTNlmoJsiisgMgyAMF,https://api.spotify.com/v1/audio-analysis/6quAyTNlmoJsiisgMgyAMF,audio_features,0.685,0.753,7,-7.951,1,0.048,0.755,0.0,0.344,0.963,155.991,194907,4
60,Clueso,Neuanfang (Deluxe Edition),spotify:album:6IaWqDs0ldptwVfTLhgGSK,Neuanfang - Demo 2015,2016-10-14,0BivKBTTz5FbjmVGxsfa9Z,spotify:track:0BivKBTTz5FbjmVGxsfa9Z,https://api.spotify.com/v1/tracks/0BivKBTTz5FbjmVGxsfa9Z,https://api.spotify.com/v1/audio-analysis/0BivKBTTz5FbjmVGxsfa9Z,audio_features,0.363,0.498,2,-7.738,1,0.0809,0.0951,0.0,0.384,0.543,128.053,185853,4
61,Clueso,Neuanfang (Deluxe Edition),spotify:album:6IaWqDs0ldptwVfTLhgGSK,Gordo - Demo 2015,2016-10-14,6XpKk9IO5FL7jjq3frIWKy,spotify:track:6XpKk9IO5FL7jjq3frIWKy,https://api.spotify.com/v1/tracks/6XpKk9IO5FL7jjq3frIWKy,https://api.spotify.com/v1/audio-analysis/6XpKk9IO5FL7jjq3frIWKy,audio_features,0.827,0.562,7,-8.394,0,0.0523,0.218,0.00678,0.104,0.725,124.003,276200,4
62,Clueso,Neuanfang (Deluxe Edition),spotify:album:6IaWqDs0ldptwVfTLhgGSK,Neuanfang - Instrumental,2016-10-14,7u9ZPt777EwPNUwmRVmOr8,spotify:track:7u9ZPt777EwPNUwmRVmOr8,https://api.spotify.com/v1/tracks/7u9ZPt777EwPNUwmRVmOr8,https://api.spotify.com/v1/audio-analysis/7u9ZPt777EwPNUwmRVmOr8,audio_features,0.74,0.482,7,-7.544,1,0.0365,0.000399,0.803,0.171,0.573,127.978,186160,4
63,Clueso,Neuanfang (Deluxe Edition),spotify:album:6IaWqDs0ldptwVfTLhgGSK,Achterbahn - Instrumental,2016-10-14,1wSLG9nXCBVzXeuXvsQqk9,spotify:track:1wSLG9nXCBVzXeuXvsQqk9,https://api.spotify.com/v1/tracks/1wSLG9nXCBVzXeuXvsQqk9,https://api.spotify.com/v1/audio-analysis/1wSLG9nXCBVzXeuXvsQqk9,audio_features,0.895,0.778,2,-6.798,1,0.041,0.00251,0.853,0.0651,0.797,122.749,210960,4
64,Clueso,Neuanfang (Deluxe Edition),spotify:album:6IaWqDs0ldptwVfTLhgGSK,Neue Luft - Instrumental,2016-10-14,7lnpAx5uzgW6c7d1re7p4C,spotify:track:7lnpAx5uzgW6c7d1re7p4C,https://api.spotify.com/v1/tracks/7lnpAx5uzgW6c7d1re7p4C,https://api.spotify.com/v1/audio-analysis/7lnpAx5uzgW6c7d1re7p4C,audio_features,0.684,0.367,2,-8.703,0,0.026,0.188,0.805,0.0743,0.386,77.989,255560,4
65,Clueso,Neuanfang (Deluxe Edition),spotify:album:6IaWqDs0ldptwVfTLhgGSK,Erinnerungen - Instrumental,2016-10-14,4h1QXxuWOeqqCFzibom8mk,spotify:track:4h1QXxuWOeqqCFzibom8mk,https://api.spotify.com/v1/tracks/4h1QXxuWOeqqCFzibom8mk,https://api.spotify.com/v1/audio-analysis/4h1QXxuWOeqqCFzibom8mk,audio_features,0.639,0.855,5,-10.26,0,0.0309,0.0689,0.846,0.107,0.368,89.002,284027,4
66,Clueso,Neuanfang (Deluxe Edition),spotify:album:6IaWqDs0ldptwVfTLhgGSK,Wenn du liebst - Instrumental,2016-10-14,5vN7tUxHkupZmabDZFCXFn,spotify:track:5vN7tUxHkupZmabDZFCXFn,https://api.spotify.com/v1/tracks/5vN7tUxHkupZmabDZFCXFn,https://api.spotify.com/v1/audio-analysis/5vN7tUxHkupZmabDZFCXFn,audio_features,0.643,0.274,7,-12.149,0,0.0526,0.838,0.905,0.206,0.213,177.94,242960,4
67,Clueso,Neuanfang (Deluxe Edition),spotify:album:6IaWqDs0ldptwVfTLhgGSK,Lass sie reden - Instrumental,2016-10-14,1ccjfIGNCA5dMO5ZVVTFKv,spotify:track:1ccjfIGNCA5dMO5ZVVTFKv,https://api.spotify.com/v1/tracks/1ccjfIGNCA5dMO5ZVVTFKv,https://api.spotify.com/v1/audio-analysis/1ccjfIGNCA5dMO5ZVVTFKv,audio_features,0.77,0.609,1,-7.775,1,0.0397,0.438,0.8,0.287,0.85,128.021,249453,4
68,Clueso,Neuanfang (Deluxe Edition),spotify:album:6IaWqDs0ldptwVfTLhgGSK,Anderssein - Instrumental,2016-10-14,18fOB56quKrYvL3F9iBbzX,spotify:track:18fOB56quKrYvL3F9iBbzX,https://api.spotify.com/v1/tracks/18fOB56quKrYvL3F9iBbzX,https://api.spotify.com/v1/audio-analysis/18fOB56quKrYvL3F9iBbzX,audio_features,0.764,0.777,4,-6.837,0,0.0647,0.0208,0.81,0.0861,0.93,156.035,208827,4
69,Clueso,Neuanfang (Deluxe Edition),spotify:album:6IaWqDs0ldptwVfTLhgGSK,Gordo - Instrumental,2016-10-14,3k1ZaVT7bjx1TQ59UH82mt,spotify:track:3k1ZaVT7bjx1TQ59UH82mt,https://api.spotify.com/v1/tracks/3k1ZaVT7bjx1TQ59UH82mt,https://api.spotify.com/v1/audio-analysis/3k1ZaVT7bjx1TQ59UH82mt,audio_features,0.781,0.612,7,-10.265,1,0.0309,0.0296,0.779,0.0898,0.551,123.989,270987,4
70,Clueso,Neuanfang (Deluxe Edition),spotify:album:6IaWqDs0ldptwVfTLhgGSK,Jeder lebt für sich allein - Instrumental,2016-10-14,7lA3PShFAM7KJxiBi6K9id,spotify:track:7lA3PShFAM7KJxiBi6K9id,https://api.spotify.com/v1/tracks/7lA3PShFAM7KJxiBi6K9id,https://api.spotify.com/v1/audio-analysis/7lA3PShFAM7KJxiBi6K9id,audio_features,0.588,0.331,1,-11.288,1,0.0341,0.531,0.945,0.101,0.278,80.994,238253,4
71,Clueso,Neuanfang (Deluxe Edition),spotify:album:6IaWqDs0ldptwVfTLhgGSK,Sorgenfrei - Instrumental,2016-10-14,7rKNnCskeHM3Os3Lj3bPVn,spotify:track:7rKNnCskeHM3Os3Lj3bPVn,https://api.spotify.com/v1/tracks/7rKNnCskeHM3Os3Lj3bPVn,https://api.spotify.com/v1/audio-analysis/7rKNnCskeHM3Os3Lj3bPVn,audio_features,0.43,0.297,11,-13.607,0,0.0394,0.599,0.789,0.13,0.22,129.131,277400,4
72,Clueso,Stadtrandlichter (Live),spotify:album:1FydoZHEVD8Iytg0UDHurj,Pack meine Sachen - Live,2015-11-13,3JZTvRJIXALt4pvd43kj2U,spotify:track:3JZTvRJIXALt4pvd43kj2U,https://api.spotify.com/v1/tracks/3JZTvRJIXALt4pvd43kj2U,https://api.spotify.com/v1/audio-analysis/3JZTvRJIXALt4pvd43kj2U,audio_features,0.548,0.892,11,-5.713,0,0.0512,0.0931,2.92e-06,0.333,0.718,92.413,305056,4
73,Clueso,Stadtrandlichter (Live),spotify:album:1FydoZHEVD8Iytg0UDHurj,Zu schnell vorbei - Live,2015-11-13,5gshQQVgQ2uDzrqAmwSp8X,spotify:track:5gshQQVgQ2uDzrqAmwSp8X,https://api.spotify.com/v1/tracks/5gshQQVgQ2uDzrqAmwSp8X,https://api.spotify.com/v1/audio-analysis/5gshQQVgQ2uDzrqAmwSp8X,audio_features,0.663,0.796,2,-6.4,1,0.0307,0.293,0.000147,0.902,0.467,126.003,391393,4
74,Clueso,Stadtrandlichter (Live),spotify:album:1FydoZHEVD8Iytg0UDHurj,Freidrehen - Live,2015-11-13,0BcUwQ9os4wHvZB0zjrGkP,spotify:track:0BcUwQ9os4wHvZB0zjrGkP,https://api.spotify.com/v1/tracks/0BcUwQ9os4wHvZB0zjrGkP,https://api.spotify.com/v1/audio-analysis/0BcUwQ9os4wHvZB0zjrGkP,audio_features,0.628,0.852,4,-6.672,0,0.102,0.256,2.12e-06,0.386,0.428,95.816,284588,4
75,Clueso,Stadtrandlichter (Live),spotify:album:1FydoZHEVD8Iytg0UDHurj,Still - Live,2015-11-13,5Mhu6EN6Vu8Sa53qbC1sZh,spotify:track:5Mhu6EN6Vu8Sa53qbC1sZh,https://api.spotify.com/v1/tracks/5Mhu6EN6Vu8Sa53qbC1sZh,https://api.spotify.com/v1/audio-analysis/5Mhu6EN6Vu8Sa53qbC1sZh,audio_features,0.611,0.776,10,-6.81,1,0.0397,0.393,2.96e-06,0.882,0.586,143.953,224626,4
76,Clueso,Stadtrandlichter (Live),spotify:album:1FydoZHEVD8Iytg0UDHurj,Intro - Alles leuchtet - Live,2015-11-13,49nFLXNc2642gUOwSuGacA,spotify:track:49nFLXNc2642gUOwSuGacA,https://api.spotify.com/v1/tracks/49nFLXNc2642gUOwSuGacA,https://api.spotify.com/v1/audio-analysis/49nFLXNc2642gUOwSuGacA,audio_features,0.299,0.442,10,-17.006,0,0.0517,0.941,0.89,0.376,0.248,78.866,130431,4
77,Clueso,Stadtrandlichter (Live),spotify:album:1FydoZHEVD8Iytg0UDHurj,Alles leuchtet - Live,2015-11-13,0aOM2hQ868dSrMxDEd09o2,spotify:track:0aOM2hQ868dSrMxDEd09o2,https://api.spotify.com/v1/tracks/0aOM2hQ868dSrMxDEd09o2,https://api.spotify.com/v1/audio-analysis/0aOM2hQ868dSrMxDEd09o2,audio_features,0.549,0.831,1,-6.473,1,0.0698,0.272,0.000773,0.234,0.388,157.635,313193,4
78,Clueso,Stadtrandlichter (Live),spotify:album:1FydoZHEVD8Iytg0UDHurj,Medley - Live,2015-11-13,1bQx57JYnqPhkZMYNMM6mN,spotify:track:1bQx57JYnqPhkZMYNMM6mN,https://api.spotify.com/v1/tracks/1bQx57JYnqPhkZMYNMM6mN,https://api.spotify.com/v1/audio-analysis/1bQx57JYnqPhkZMYNMM6mN,audio_features,0.447,0.841,9,-5.255,0,0.249,0.261,0.0,0.785,0.479,85.502,679510,4
79,Clueso,Stadtrandlichter (Live),spotify:album:1FydoZHEVD8Iytg0UDHurj,Gewinner - Live,2015-11-13,1KdqbcyeGhHHLRMkSAkjVO,spotify:track:1KdqbcyeGhHHLRMkSAkjVO,https://api.spotify.com/v1/tracks/1KdqbcyeGhHHLRMkSAkjVO,https://api.spotify.com/v1/audio-analysis/1KdqbcyeGhHHLRMkSAkjVO,audio_features,0.668,0.567,0,-8.258,1,0.0456,0.606,0.00612,0.816,0.155,114.92,354297,4
80,Clueso,Stadtrandlichter (Live),spotify:album:1FydoZHEVD8Iytg0UDHurj,Nebenbei - Live,2015-11-13,6q4pkkpZ4fxWF5pk4n5bxb,spotify:track:6q4pkkpZ4fxWF5pk4n5bxb,https://api.spotify.com/v1/tracks/6q4pkkpZ4fxWF5pk4n5bxb,https://api.spotify.com/v1/audio-analysis/6q4pkkpZ4fxWF5pk4n5bxb,audio_features,0.465,0.551,4,-7.752,0,0.0474,0.708,0.000473,0.89,0.203,76.742,458419,4
81,Clueso,Stadtrandlichter (Live),spotify:album:1FydoZHEVD8Iytg0UDHurj,Verdamp lang her - Live,2015-11-13,47QVeFHXrgfd8JpGIUYc2t,spotify:track:47QVeFHXrgfd8JpGIUYc2t,https://api.spotify.com/v1/tracks/47QVeFHXrgfd8JpGIUYc2t,https://api.spotify.com/v1/audio-analysis/47QVeFHXrgfd8JpGIUYc2t,audio_features,0.536,0.79,4,-7.085,0,0.0573,0.218,7.94e-05,0.728,0.098,145.235,504264,4
82,Clueso,Stadtrandlichter (Live),spotify:album:1FydoZHEVD8Iytg0UDHurj,Out Of Space - Live,2015-11-13,1XnhZOSsueO0Ak3NpNU6eN,spotify:track:1XnhZOSsueO0Ak3NpNU6eN,https://api.spotify.com/v1/tracks/1XnhZOSsueO0Ak3NpNU6eN,https://api.spotify.com/v1/audio-analysis/1XnhZOSsueO0Ak3NpNU6eN,audio_features,0.626,0.9,2,-7.41,0,0.0524,0.0749,0.00897,0.843,0.246,119.993,494318,4
83,Clueso,Stadtrandlichter (Live),spotify:album:1FydoZHEVD8Iytg0UDHurj,Cello - Live,2015-11-13,47R6Hf3eTDRhVdU9Hmat3Y,spotify:track:47R6Hf3eTDRhVdU9Hmat3Y,https://api.spotify.com/v1/tracks/47R6Hf3eTDRhVdU9Hmat3Y,https://api.spotify.com/v1/audio-analysis/47R6Hf3eTDRhVdU9Hmat3Y,audio_features,0.579,0.825,7,-6.678,0,0.107,0.547,1.78e-05,0.72,0.36,95.269,284203,4
84,Clueso,Stadtrandlichter (Live),spotify:album:1FydoZHEVD8Iytg0UDHurj,Stadtrandlichter - Live,2015-11-13,3l23u8yIzt0cBDPSzszJii,spotify:track:3l23u8yIzt0cBDPSzszJii,https://api.spotify.com/v1/tracks/3l23u8yIzt0cBDPSzszJii,https://api.spotify.com/v1/audio-analysis/3l23u8yIzt0cBDPSzszJii,audio_features,0.397,0.488,1,-10.429,0,0.0496,0.768,0.000758,0.343,0.148,95.933,291957,4
85,Clueso,Stadtrandlichter (Live),spotify:album:1FydoZHEVD8Iytg0UDHurj,Intro - So sehr dabei - Live,2015-11-13,5HjvXOaZc1LM1w1dQjYWUN,spotify:track:5HjvXOaZc1LM1w1dQjYWUN,https://api.spotify.com/v1/tracks/5HjvXOaZc1LM1w1dQjYWUN,https://api.spotify.com/v1/audio-analysis/5HjvXOaZc1LM1w1dQjYWUN,audio_features,0.482,0.192,10,-15.921,0,0.056,0.96,0.197,0.162,0.135,113.456,86672,4
86,Clueso,Stadtrandlichter (Live),spotify:album:1FydoZHEVD8Iytg0UDHurj,So sehr dabei - Live,2015-11-13,5vbyc7hpWVa8lkr0jSnnNN,spotify:track:5vbyc7hpWVa8lkr0jSnnNN,https://api.spotify.com/v1/tracks/5vbyc7hpWVa8lkr0jSnnNN,https://api.spotify.com/v1/audio-analysis/5vbyc7hpWVa8lkr0jSnnNN,audio_features,0.391,0.451,10,-9.225,0,0.0392,0.713,0.00963,0.685,0.101,121.481,379658,4
87,Clueso,Stadtrandlichter (Live),spotify:album:1FydoZHEVD8Iytg0UDHurj,Unter Strom - Live,2015-11-13,68DpJLoJoEo0hOSOQNdPXl,spotify:track:68DpJLoJoEo0hOSOQNdPXl,https://api.spotify.com/v1/tracks/68DpJLoJoEo0hOSOQNdPXl,https://api.spotify.com/v1/audio-analysis/68DpJLoJoEo0hOSOQNdPXl,audio_features,0.518,0.288,0,-13.445,1,0.0335,0.806,0.00172,0.667,0.101,75.756,294387,4
88,Clueso,Stadtrandlichter (Live),spotify:album:1FydoZHEVD8Iytg0UDHurj,Galerie - Live,2015-11-13,4RJK6eEhos1KnIJw0EPExJ,spotify:track:4RJK6eEhos1KnIJw0EPExJ,https://api.spotify.com/v1/tracks/4RJK6eEhos1KnIJw0EPExJ,https://api.spotify.com/v1/audio-analysis/4RJK6eEhos1KnIJw0EPExJ,audio_features,0.573,0.328,7,-16.046,1,0.123,0.88,0.0177,0.697,0.111,91.492,247655,4
89,Clueso,Stadtrandlichter (Live),spotify:album:1FydoZHEVD8Iytg0UDHurj,Geradeaus - Live,2015-11-13,4KavADV5d293KhEcGLegmQ,spotify:track:4KavADV5d293KhEcGLegmQ,https://api.spotify.com/v1/tracks/4KavADV5d293KhEcGLegmQ,https://api.spotify.com/v1/audio-analysis/4KavADV5d293KhEcGLegmQ,audio_features,0.478,0.451,7,-11.236,0,0.0359,0.86,8.81e-06,0.689,0.431,90.205,234325,4
90,Clueso,Stadtrandlichter (Live),spotify:album:1FydoZHEVD8Iytg0UDHurj,Ich falle noch - Live,2015-11-13,5anGnfLHO5tS5eHdXv4kOJ,spotify:track:5anGnfLHO5tS5eHdXv4kOJ,https://api.spotify.com/v1/tracks/5anGnfLHO5tS5eHdXv4kOJ,https://api.spotify.com/v1/audio-analysis/5anGnfLHO5tS5eHdXv4kOJ,audio_features,0.396,0.253,6,-15.132,1,0.041,0.908,0.0894,0.661,0.0858,149.789,178126,3
91,Clueso,Stadtrandlichter (Live),spotify:album:1FydoZHEVD8Iytg0UDHurj,Lass den Kopf nicht hängen - Live,2015-11-13,7HNeRoI1yQ3NsN8GEQ6KFg,spotify:track:7HNeRoI1yQ3NsN8GEQ6KFg,https://api.spotify.com/v1/tracks/7HNeRoI1yQ3NsN8GEQ6KFg,https://api.spotify.com/v1/audio-analysis/7HNeRoI1yQ3NsN8GEQ6KFg,audio_features,0.37,0.494,5,-14.308,1,0.254,0.818,0.00381,0.693,0.219,183.599,267999,3
92,Clueso,Stadtrandlichter (Live),spotify:album:1FydoZHEVD8Iytg0UDHurj,Wach auf - Live,2015-11-13,0znVpXmJMsEUZwyia6DhpW,spotify:track:0znVpXmJMsEUZwyia6DhpW,https://api.spotify.com/v1/tracks/0znVpXmJMsEUZwyia6DhpW,https://api.spotify.com/v1/audio-analysis/0znVpXmJMsEUZwyia6DhpW,audio_features,0.686,0.403,3,-15.811,0,0.0746,0.887,0.00278,0.665,0.58,96.578,244885,4
93,Clueso,Stadtrandlichter,spotify:album:72kgirTvoqOUEHnegTZLCO,Pack meine Sachen,2014-01-01,3XkcD22BKCVbAegPO5MFX6,spotify:track:3XkcD22BKCVbAegPO5MFX6,https://api.spotify.com/v1/tracks/3XkcD22BKCVbAegPO5MFX6,https://api.spotify.com/v1/audio-analysis/3XkcD22BKCVbAegPO5MFX6,audio_features,0.544,0.894,3,-5.915,1,0.0825,0.019,1.68e-06,0.113,0.522,90.925,223387,4
94,Clueso,Stadtrandlichter,spotify:album:72kgirTvoqOUEHnegTZLCO,Freidrehen,2014-01-01,6XuplOlrHP00OZHsgGwKrc,spotify:track:6XuplOlrHP00OZHsgGwKrc,https://api.spotify.com/v1/tracks/6XuplOlrHP00OZHsgGwKrc,https://api.spotify.com/v1/audio-analysis/6XuplOlrHP00OZHsgGwKrc,audio_features,0.653,0.644,9,-7.403,0,0.0952,0.291,3.26e-05,0.128,0.365,95.981,223093,4
95,Clueso,Stadtrandlichter,spotify:album:72kgirTvoqOUEHnegTZLCO,Alles leuchtet,2014-01-01,0SJYTzwudLkJmYLclwPfEF,spotify:track:0SJYTzwudLkJmYLclwPfEF,https://api.spotify.com/v1/tracks/0SJYTzwudLkJmYLclwPfEF,https://api.spotify.com/v1/audio-analysis/0SJYTzwudLkJmYLclwPfEF,audio_features,0.607,0.886,0,-7.14,1,0.0448,0.0306,0.00436,0.144,0.575,156.935,221787,4
96,Clueso,Stadtrandlichter,spotify:album:72kgirTvoqOUEHnegTZLCO,Wach auf,2014-01-01,6jhR3vJL4XKyjdEby4OAkY,spotify:track:6jhR3vJL4XKyjdEby4OAkY,https://api.spotify.com/v1/tracks/6jhR3vJL4XKyjdEby4OAkY,https://api.spotify.com/v1/audio-analysis/6jhR3vJL4XKyjdEby4OAkY,audio_features,0.743,0.697,9,-7.744,0,0.0308,0.393,4.49e-06,0.118,0.759,103.979,226200,4
97,Clueso,Stadtrandlichter,spotify:album:72kgirTvoqOUEHnegTZLCO,Interlude I,2014-01-01,7e3SDeztRc8E1XHCp9yzHK,spotify:track:7e3SDeztRc8E1XHCp9yzHK,https://api.spotify.com/v1/tracks/7e3SDeztRc8E1XHCp9yzHK,https://api.spotify.com/v1/audio-analysis/7e3SDeztRc8E1XHCp9yzHK,audio_features,0.328,0.0709,4,-28.819,1,0.0451,0.426,0.981,0.225,0.556,61.021,35400,4
98,Clueso,Stadtrandlichter,spotify:album:72kgirTvoqOUEHnegTZLCO,Stadtrandlichter,2014-01-01,6LaA46Dx02y2tXMOylWqve,spotify:track:6LaA46Dx02y2tXMOylWqve,https://api.spotify.com/v1/tracks/6LaA46Dx02y2tXMOylWqve,https://api.spotify.com/v1/audio-analysis/6LaA46Dx02y2tXMOylWqve,audio_features,0.481,0.289,4,-11.688,1,0.0404,0.485,0.00886,0.111,0.111,95.56,212440,4
99,Clueso,Stadtrandlichter,spotify:album:72kgirTvoqOUEHnegTZLCO,Unter Strom,2014-01-01,4ttL5DvkiBi56P2DK2XFel,spotify:track:4ttL5DvkiBi56P2DK2XFel,https://api.spotify.com/v1/tracks/4ttL5DvkiBi56P2DK2XFel,https://api.spotify.com/v1/audio-analysis/4ttL5DvkiBi56P2DK2XFel,audio_features,0.569,0.525,9,-9.506,0,0.0352,0.206,0.000392,0.13,0.387,148.099,229787,4
100,Clueso,Stadtrandlichter,spotify:album:72kgirTvoqOUEHnegTZLCO,Okay,2014-01-01,34uAe8Oe5b6DQp2vrrU9Fo,spotify:track:34uAe8Oe5b6DQp2vrrU9Fo,https://api.spotify.com/v1/tracks/34uAe8Oe5b6DQp2vrrU9Fo,https://api.spotify.com/v1/audio-analysis/34uAe8Oe5b6DQp2vrrU9Fo,audio_features,0.404,0.0604,7,-18.253,1,0.0578,0.958,0.0129,0.0923,0.168,78.236,56000,4
101,Clueso,Stadtrandlichter,spotify:album:72kgirTvoqOUEHnegTZLCO,Lass den Kopf nicht hängen,2014-01-01,6pFuy6JFlbdOLOp4vjAI0g,spotify:track:6pFuy6JFlbdOLOp4vjAI0g,https://api.spotify.com/v1/tracks/6pFuy6JFlbdOLOp4vjAI0g,https://api.spotify.com/v1/audio-analysis/6pFuy6JFlbdOLOp4vjAI0g,audio_features,0.588,0.566,5,-7.572,1,0.0245,0.403,0.000496,0.104,0.343,92.997,218640,3
102,Clueso,Stadtrandlichter,spotify:album:72kgirTvoqOUEHnegTZLCO,Interlude II,2014-01-01,3w2LOyrc1IcwP6h6VFmhYd,spotify:track:3w2LOyrc1IcwP6h6VFmhYd,https://api.spotify.com/v1/tracks/3w2LOyrc1IcwP6h6VFmhYd,https://api.spotify.com/v1/audio-analysis/3w2LOyrc1IcwP6h6VFmhYd,audio_features,0.767,0.325,7,-14.961,0,0.114,0.504,0.717,0.13,0.622,124.272,84080,4
103,Clueso,Stadtrandlichter,spotify:album:72kgirTvoqOUEHnegTZLCO,Sein Song,2014-01-01,2Nc3y5tdHxvW9DswbDZMCx,spotify:track:2Nc3y5tdHxvW9DswbDZMCx,https://api.spotify.com/v1/tracks/2Nc3y5tdHxvW9DswbDZMCx,https://api.spotify.com/v1/audio-analysis/2Nc3y5tdHxvW9DswbDZMCx,audio_features,0.672,0.691,10,-6.543,1,0.0353,0.0515,0.0,0.0927,0.746,138.103,176453,4
104,Clueso,Stadtrandlichter,spotify:album:72kgirTvoqOUEHnegTZLCO,Still,2014-01-01,2bKh5t4gkDDjbAJlSd2cy1,spotify:track:2bKh5t4gkDDjbAJlSd2cy1,https://api.spotify.com/v1/tracks/2bKh5t4gkDDjbAJlSd2cy1,https://api.spotify.com/v1/audio-analysis/2bKh5t4gkDDjbAJlSd2cy1,audio_features,0.623,0.554,10,-7.083,1,0.0278,0.021,0.000601,0.137,0.77,139.53,225000,4
105,Clueso,Stadtrandlichter,spotify:album:72kgirTvoqOUEHnegTZLCO,Ich falle noch,2014-01-01,3O9BRjD4FGdiND0xnAHClk,spotify:track:3O9BRjD4FGdiND0xnAHClk,https://api.spotify.com/v1/tracks/3O9BRjD4FGdiND0xnAHClk,https://api.spotify.com/v1/audio-analysis/3O9BRjD4FGdiND0xnAHClk,audio_features,0.502,0.395,5,-9.904,1,0.0294,0.706,0.00168,0.324,0.351,182.003,117093,3
106,Clueso,Stadtrandlichter,spotify:album:72kgirTvoqOUEHnegTZLCO,Geradeaus,2014-01-01,3BzF0y8LsSFsKd6dUb8feX,spotify:track:3BzF0y8LsSFsKd6dUb8feX,https://api.spotify.com/v1/tracks/3BzF0y8LsSFsKd6dUb8feX,https://api.spotify.com/v1/audio-analysis/3BzF0y8LsSFsKd6dUb8feX,audio_features,0.487,0.832,2,-5.692,0,0.0959,0.612,4.57e-06,0.197,0.502,173.947,232933,4
107,Clueso,Stadtrandlichter,spotify:album:72kgirTvoqOUEHnegTZLCO,Galerie,2014-01-01,4xOejwcyI7ITvu3C2RUg8Z,spotify:track:4xOejwcyI7ITvu3C2RUg8Z,https://api.spotify.com/v1/tracks/4xOejwcyI7ITvu3C2RUg8Z,https://api.spotify.com/v1/audio-analysis/4xOejwcyI7ITvu3C2RUg8Z,audio_features,0.461,0.525,4,-8.451,0,0.0369,0.507,0.000485,0.0973,0.191,94.315,266253,4
108,Clueso,Stadtrandlichter,spotify:album:72kgirTvoqOUEHnegTZLCO,Interlude III,2014-01-01,0qlz0coIw2EJi0LHXk4exb,spotify:track:0qlz0coIw2EJi0LHXk4exb,https://api.spotify.com/v1/tracks/0qlz0coIw2EJi0LHXk4exb,https://api.spotify.com/v1/audio-analysis/0qlz0coIw2EJi0LHXk4exb,audio_features,0.491,0.0569,6,-28.035,1,0.0419,0.752,0.659,0.117,0.0602,45.963,39987,3
109,Clueso,Stadtrandlichter,spotify:album:72kgirTvoqOUEHnegTZLCO,Nebenbei,2014-01-01,68DT39js1R2iUABzjH7oT9,spotify:track:68DT39js1R2iUABzjH7oT9,https://api.spotify.com/v1/tracks/68DT39js1R2iUABzjH7oT9,https://api.spotify.com/v1/audio-analysis/68DT39js1R2iUABzjH7oT9,audio_features,0.497,0.319,7,-10.855,1,0.0431,0.77,0.0832,0.166,0.348,70.852,192680,4
110,Clueso,Stadtrandlichter,spotify:album:72kgirTvoqOUEHnegTZLCO,LDKNH - RMX,2014-01-01,3ck4ZeQkdhocr9bRQGQoJk,spotify:track:3ck4ZeQkdhocr9bRQGQoJk,https://api.spotify.com/v1/tracks/3ck4ZeQkdhocr9bRQGQoJk,https://api.spotify.com/v1/audio-analysis/3ck4ZeQkdhocr9bRQGQoJk,audio_features,0.557,0.409,0,-10.825,0,0.0874,0.188,0.00141,0.388,0.35,62.036,242187,4
111,Clueso,Stadtrandlichter,spotify:album:72kgirTvoqOUEHnegTZLCO,Still - Clueso RMX,2014-01-01,1YGi98FLJsI1EfGkOLZguY,spotify:track:1YGi98FLJsI1EfGkOLZguY,https://api.spotify.com/v1/tracks/1YGi98FLJsI1EfGkOLZguY,https://api.spotify.com/v1/audio-analysis/1YGi98FLJsI1EfGkOLZguY,audio_features,0.679,0.311,10,-12.813,1,0.0716,0.894,8.42e-05,0.553,0.478,133.85,204360,4
112,Clueso,An und für sich (Remastered 2014),spotify:album:2hqUVgmb3CaFi9WS3cGQRT,Zu schnell vorbei - Remastered 2014,2011-03-25,4SqzGir4IxB0ndMfkUaLVt,spotify:track:4SqzGir4IxB0ndMfkUaLVt,https://api.spotify.com/v1/tracks/4SqzGir4IxB0ndMfkUaLVt,https://api.spotify.com/v1/audio-analysis/4SqzGir4IxB0ndMfkUaLVt,audio_features,0.674,0.46,2,-10.224,1,0.0336,0.376,0.000293,0.111,0.282,117.949,329227,4
113,Clueso,An und für sich (Remastered 2014),spotify:album:2hqUVgmb3CaFi9WS3cGQRT,Beinah - Remastered 2014,2011-03-25,4BGFEInNxsXEEI10h4y7QA,spotify:track:4BGFEInNxsXEEI10h4y7QA,https://api.spotify.com/v1/tracks/4BGFEInNxsXEEI10h4y7QA,https://api.spotify.com/v1/audio-analysis/4BGFEInNxsXEEI10h4y7QA,audio_features,0.829,0.42,9,-10.165,0,0.0338,0.553,0.00182,0.238,0.409,99.606,282187,4
114,Clueso,An und für sich (Remastered 2014),spotify:album:2hqUVgmb3CaFi9WS3cGQRT,Strassen sind leer - Remastered 2014,2011-03-25,0DzRqbABCr5FajgwG1Wr6O,spotify:track:0DzRqbABCr5FajgwG1Wr6O,https://api.spotify.com/v1/tracks/0DzRqbABCr5FajgwG1Wr6O,https://api.spotify.com/v1/audio-analysis/0DzRqbABCr5FajgwG1Wr6O,audio_features,0.766,0.461,3,-11.059,0,0.0475,0.00744,0.227,0.11,0.802,124.018,383040,4
115,Clueso,An und für sich (Remastered 2014),spotify:album:2hqUVgmb3CaFi9WS3cGQRT,Müsste gehen - Remastered 2014,2011-03-25,0kCajPC561jGKzKVH1uID6,spotify:track:0kCajPC561jGKzKVH1uID6,https://api.spotify.com/v1/tracks/0kCajPC561jGKzKVH1uID6,https://api.spotify.com/v1/audio-analysis/0kCajPC561jGKzKVH1uID6,audio_features,0.66,0.695,9,-10.243,0,0.0823,0.103,9.1e-05,0.385,0.621,100.11,204920,4
116,Clueso,An und für sich (Remastered 2014),spotify:album:2hqUVgmb3CaFi9WS3cGQRT,Ey der Regen - Remastered 2014,2011-03-25,1GAVCZStUWyjTlnQKLGEuE,spotify:track:1GAVCZStUWyjTlnQKLGEuE,https://api.spotify.com/v1/tracks/1GAVCZStUWyjTlnQKLGEuE,https://api.spotify.com/v1/audio-analysis/1GAVCZStUWyjTlnQKLGEuE,audio_features,0.724,0.338,7,-10.809,1,0.0318,0.708,0.00441,0.124,0.269,85.987,252373,4
117,Clueso,An und für sich (Remastered 2014),spotify:album:2hqUVgmb3CaFi9WS3cGQRT,Dreh dich - Remastered 2014,2011-03-25,2pAI3aeYTikxrlaOejNBEI,spotify:track:2pAI3aeYTikxrlaOejNBEI,https://api.spotify.com/v1/tracks/2pAI3aeYTikxrlaOejNBEI,https://api.spotify.com/v1/audio-analysis/2pAI3aeYTikxrlaOejNBEI,audio_features,0.671,0.466,4,-10.98,0,0.0377,0.61,0.0126,0.112,0.601,150.008,245413,3
118,Clueso,An und für sich (Remastered 2014),spotify:album:2hqUVgmb3CaFi9WS3cGQRT,Ich bin für's Rollen - Remastered 2014,2011-03-25,64emW2Yy1qEUIPz1A40wqu,spotify:track:64emW2Yy1qEUIPz1A40wqu,https://api.spotify.com/v1/tracks/64emW2Yy1qEUIPz1A40wqu,https://api.spotify.com/v1/audio-analysis/64emW2Yy1qEUIPz1A40wqu,audio_features,0.54,0.421,7,-12.008,1,0.028,0.103,5.44e-06,0.125,0.195,113.557,244213,4
119,Clueso,An und für sich (Remastered 2014),spotify:album:2hqUVgmb3CaFi9WS3cGQRT,Stern - Remastered 2014,2011-03-25,74axAGFFQg6hL2cNtWq1hj,spotify:track:74axAGFFQg6hL2cNtWq1hj,https://api.spotify.com/v1/tracks/74axAGFFQg6hL2cNtWq1hj,https://api.spotify.com/v1/audio-analysis/74axAGFFQg6hL2cNtWq1hj,audio_features,0.48,0.258,1,-12.839,0,0.0396,0.87,6.12e-05,0.109,0.151,93.334,229747,4
120,Clueso,An und für sich (Remastered 2014),spotify:album:2hqUVgmb3CaFi9WS3cGQRT,Herz - Remastered 2014,2011-03-25,4e3qmFrDHnsokZiZ11Q2oQ,spotify:track:4e3qmFrDHnsokZiZ11Q2oQ,https://api.spotify.com/v1/tracks/4e3qmFrDHnsokZiZ11Q2oQ,https://api.spotify.com/v1/audio-analysis/4e3qmFrDHnsokZiZ11Q2oQ,audio_features,0.739,0.367,11,-15.188,0,0.0364,0.771,0.543,0.099,0.469,119.983,361733,4
121,Clueso,An und für sich (Remastered 2014),spotify:album:2hqUVgmb3CaFi9WS3cGQRT,Baumkrone - Remastered 2014,2011-03-25,5CUCiM8d2Xa5uSN6ulByMY,spotify:track:5CUCiM8d2Xa5uSN6ulByMY,https://api.spotify.com/v1/tracks/5CUCiM8d2Xa5uSN6ulByMY,https://api.spotify.com/v1/audio-analysis/5CUCiM8d2Xa5uSN6ulByMY,audio_features,0.675,0.514,2,-9.756,0,0.0298,0.0822,0.000847,0.368,0.227,126.03,240880,4
122,Clueso,An und für sich (Remastered 2014),spotify:album:2hqUVgmb3CaFi9WS3cGQRT,Halt mich fern - Remastered 2014,2011-03-25,75KU0dQUdUFrrTh2IOmIVQ,spotify:track:75KU0dQUdUFrrTh2IOmIVQ,https://api.spotify.com/v1/tracks/75KU0dQUdUFrrTh2IOmIVQ,https://api.spotify.com/v1/audio-analysis/75KU0dQUdUFrrTh2IOmIVQ,audio_features,0.689,0.493,3,-10.964,0,0.0416,0.192,0.000103,0.0989,0.38,129.968,265440,4
123,Clueso,An und für sich (Remastered 2014),spotify:album:2hqUVgmb3CaFi9WS3cGQRT,Das alte Haus - Remastered 2014,2011-03-25,7ofXaJzILvn3pA32zWLwfj,spotify:track:7ofXaJzILvn3pA32zWLwfj,https://api.spotify.com/v1/tracks/7ofXaJzILvn3pA32zWLwfj,https://api.spotify.com/v1/audio-analysis/7ofXaJzILvn3pA32zWLwfj,audio_features,0.786,0.429,2,-10.701,1,0.0352,0.087,0.00382,0.264,0.45,125.178,209920,4
124,Clueso,An und für sich (Remastered 2014),spotify:album:2hqUVgmb3CaFi9WS3cGQRT,Erklär mir - Remastered 2014,2011-03-25,1ItYeUyUiKqiFVMuyReYYD,spotify:track:1ItYeUyUiKqiFVMuyReYYD,https://api.spotify.com/v1/tracks/1ItYeUyUiKqiFVMuyReYYD,https://api.spotify.com/v1/audio-analysis/1ItYeUyUiKqiFVMuyReYYD,audio_features,0.644,0.421,4,-10.898,0,0.0338,0.387,0.0503,0.0885,0.468,83.014,273667,4
125,Clueso,An und für sich (Remastered 2014),spotify:album:2hqUVgmb3CaFi9WS3cGQRT,Du bleibst - Remastered 2014,2011-03-25,1vy4nKppyAJsq1dXIIntkj,spotify:track:1vy4nKppyAJsq1dXIIntkj,https://api.spotify.com/v1/tracks/1vy4nKppyAJsq1dXIIntkj,https://api.spotify.com/v1/audio-analysis/1vy4nKppyAJsq1dXIIntkj,audio_features,0.735,0.496,4,-9.307,0,0.0409,0.142,6.64e-05,0.0995,0.381,80.066,252827,4
126,Clueso,An und für sich (Remastered 2014),spotify:album:2hqUVgmb3CaFi9WS3cGQRT,Kleine Wunder - Remastered 2014,2011-03-25,2h3TV3tItISJ4UORcUesDI,spotify:track:2h3TV3tItISJ4UORcUesDI,https://api.spotify.com/v1/tracks/2h3TV3tItISJ4UORcUesDI,https://api.spotify.com/v1/audio-analysis/2h3TV3tItISJ4UORcUesDI,audio_features,0.381,0.0998,4,-15.118,1,0.0304,0.879,0.887,0.115,0.0374,79.033,142120,4
127,Clueso,An und für sich (Remastered 2014),spotify:album:2hqUVgmb3CaFi9WS3cGQRT,Nur bei dir - Remastered 2014,2011-03-25,2BcVOdPj5UqOWzitQzTHqF,spotify:track:2BcVOdPj5UqOWzitQzTHqF,https://api.spotify.com/v1/tracks/2BcVOdPj5UqOWzitQzTHqF,https://api.spotify.com/v1/audio-analysis/2BcVOdPj5UqOWzitQzTHqF,audio_features,0.717,0.521,9,-10.115,0,0.0358,0.465,6.13e-06,0.186,0.517,102.094,224293,4
128,Clueso,An und für sich (Remastered 2014),spotify:album:2hqUVgmb3CaFi9WS3cGQRT,Ende - Remastered 2014,2011-03-25,49QxDVHUWJ1hyHSyBruEyi,spotify:track:49QxDVHUWJ1hyHSyBruEyi,https://api.spotify.com/v1/tracks/49QxDVHUWJ1hyHSyBruEyi,https://api.spotify.com/v1/audio-analysis/49QxDVHUWJ1hyHSyBruEyi,audio_features,0.715,0.437,7,-15.143,1,0.0342,0.494,0.395,0.223,0.133,118.004,86520,4
129,Clueso,Clueso & STÜBAphilharmonie (Remastered 2014),spotify:album:4gDOqPP53Q8ZVnGbRB1PUG,Prolog aus der Metropolis Suite Nr. 1 - Remastered 2014,2010-07-09,1FkmlZLEcVOsroxkCHL1rR,spotify:track:1FkmlZLEcVOsroxkCHL1rR,https://api.spotify.com/v1/tracks/1FkmlZLEcVOsroxkCHL1rR,https://api.spotify.com/v1/audio-analysis/1FkmlZLEcVOsroxkCHL1rR,audio_features,0.105,0.217,7,-13.792,1,0.0321,0.658,0.96,0.101,0.0549,86.847,248520,4
130,Clueso,Clueso & STÜBAphilharmonie (Remastered 2014),spotify:album:4gDOqPP53Q8ZVnGbRB1PUG,Level - Remastered 2014,2010-07-09,4UcbD2AFLSYbPPwkKKAhuq,spotify:track:4UcbD2AFLSYbPPwkKKAhuq,https://api.spotify.com/v1/tracks/4UcbD2AFLSYbPPwkKKAhuq,https://api.spotify.com/v1/audio-analysis/4UcbD2AFLSYbPPwkKKAhuq,audio_features,0.508,0.686,6,-8.751,1,0.0809,0.178,0.00129,0.678,0.46,100.402,224533,4
131,Clueso,Clueso & STÜBAphilharmonie (Remastered 2014),spotify:album:4gDOqPP53Q8ZVnGbRB1PUG,Mitnehm - Remastered 2014,2010-07-09,33lSOUkhAwhPo1y2dCWNy2,spotify:track:33lSOUkhAwhPo1y2dCWNy2,https://api.spotify.com/v1/tracks/33lSOUkhAwhPo1y2dCWNy2,https://api.spotify.com/v1/audio-analysis/33lSOUkhAwhPo1y2dCWNy2,audio_features,0.61,0.74,0,-10.141,0,0.0745,0.341,0.000224,0.96,0.626,130.592,270253,4
132,Clueso,Clueso & STÜBAphilharmonie (Remastered 2014),spotify:album:4gDOqPP53Q8ZVnGbRB1PUG,Gute Musik - Remastered 2014,2010-07-09,5fCDMuu5l1zuajr9RM3znw,spotify:track:5fCDMuu5l1zuajr9RM3znw,https://api.spotify.com/v1/tracks/5fCDMuu5l1zuajr9RM3znw,https://api.spotify.com/v1/audio-analysis/5fCDMuu5l1zuajr9RM3znw,audio_features,0.412,0.315,8,-13.294,1,0.0322,0.736,0.00296,0.99,0.0921,76.731,608813,4
133,Clueso,Clueso & STÜBAphilharmonie (Remastered 2014),spotify:album:4gDOqPP53Q8ZVnGbRB1PUG,Niemand an dich denkt - Remastered 2014,2010-07-09,0LsiKrZNiIqTRtrxTHu8nZ,spotify:track:0LsiKrZNiIqTRtrxTHu8nZ,https://api.spotify.com/v1/tracks/0LsiKrZNiIqTRtrxTHu8nZ,https://api.spotify.com/v1/audio-analysis/0LsiKrZNiIqTRtrxTHu8nZ,audio_features,0.3,0.588,1,-10.096,1,0.0603,0.182,0.00481,0.956,0.405,70.987,387427,4
134,Clueso,Clueso & STÜBAphilharmonie (Remastered 2014),spotify:album:4gDOqPP53Q8ZVnGbRB1PUG,Vier kleine Wände - Remastered 2014,2010-07-09,6V2oeCapXHKvkqAGYJHwEw,spotify:track:6V2oeCapXHKvkqAGYJHwEw,https://api.spotify.com/v1/tracks/6V2oeCapXHKvkqAGYJHwEw,https://api.spotify.com/v1/audio-analysis/6V2oeCapXHKvkqAGYJHwEw,audio_features,0.452,0.665,2,-11.512,0,0.0589,0.339,0.209,0.733,0.348,92.077,282480,4
135,Clueso,Clueso & STÜBAphilharmonie (Remastered 2014),spotify:album:4gDOqPP53Q8ZVnGbRB1PUG,Überall bist du! - Remastered 2014,2010-07-09,7bqLhEyoc9HUbRdyVPG0fT,spotify:track:7bqLhEyoc9HUbRdyVPG0fT,https://api.spotify.com/v1/tracks/7bqLhEyoc9HUbRdyVPG0fT,https://api.spotify.com/v1/audio-analysis/7bqLhEyoc9HUbRdyVPG0fT,audio_features,0.289,0.552,6,-11.233,1,0.0441,0.277,0.0005,0.685,0.136,81.087,283987,4
136,Clueso,Clueso & STÜBAphilharmonie (Remastered 2014),spotify:album:4gDOqPP53Q8ZVnGbRB1PUG,Da wohnt so'n Typ - Remastered 2014,2010-07-09,75eMNNtdcDDcoDK6WYX6HF,spotify:track:75eMNNtdcDDcoDK6WYX6HF,https://api.spotify.com/v1/tracks/75eMNNtdcDDcoDK6WYX6HF,https://api.spotify.com/v1/audio-analysis/75eMNNtdcDDcoDK6WYX6HF,audio_features,0.528,0.65,9,-9.042,1,0.143,0.449,0.0,0.963,0.568,90.152,240987,4
137,Clueso,Clueso & STÜBAphilharmonie (Remastered 2014),spotify:album:4gDOqPP53Q8ZVnGbRB1PUG,Utopie - Remastered 2014,2010-07-09,2i9lru3gsJjW7wLnjJ1HYn,spotify:track:2i9lru3gsJjW7wLnjJ1HYn,https://api.spotify.com/v1/tracks/2i9lru3gsJjW7wLnjJ1HYn,https://api.spotify.com/v1/audio-analysis/2i9lru3gsJjW7wLnjJ1HYn,audio_features,0.474,0.828,8,-9.604,1,0.0907,0.135,0.00157,0.4,0.453,190.856,63080,4
138,Clueso,Clueso & STÜBAphilharmonie (Remastered 2014),spotify:album:4gDOqPP53Q8ZVnGbRB1PUG,Verlierer - Remastered 2014,2010-07-09,1JbvhHmpr4vgJg75oTEpwo,spotify:track:1JbvhHmpr4vgJg75oTEpwo,https://api.spotify.com/v1/tracks/1JbvhHmpr4vgJg75oTEpwo,https://api.spotify.com/v1/audio-analysis/1JbvhHmpr4vgJg75oTEpwo,audio_features,0.543,0.548,0,-9.455,0,0.0504,0.512,2.67e-05,0.929,0.422,113.165,209947,4
139,Clueso,Clueso & STÜBAphilharmonie (Remastered 2014),spotify:album:4gDOqPP53Q8ZVnGbRB1PUG,Dein Raum - Remastered 2014,2010-07-09,4gRgWYMrw8WvbHJvQayBZh,spotify:track:4gRgWYMrw8WvbHJvQayBZh,https://api.spotify.com/v1/tracks/4gRgWYMrw8WvbHJvQayBZh,https://api.spotify.com/v1/audio-analysis/4gRgWYMrw8WvbHJvQayBZh,audio_features,0.283,0.3,5,-13.353,0,0.0417,0.785,0.00435,0.971,0.283,85.651,542853,4
140,Clueso,Clueso & STÜBAphilharmonie (Remastered 2014),spotify:album:4gDOqPP53Q8ZVnGbRB1PUG,Pause - Remastered 2014,2010-07-09,7s8D4uF5qC334WwvuZcq44,spotify:track:7s8D4uF5qC334WwvuZcq44,https://api.spotify.com/v1/tracks/7s8D4uF5qC334WwvuZcq44,https://api.spotify.com/v1/audio-analysis/7s8D4uF5qC334WwvuZcq44,audio_features,0.538,0.353,2,-13.883,0,0.0309,0.642,0.775,0.51,0.438,139.867,233760,4
141,Clueso,Clueso & STÜBAphilharmonie (Remastered 2014),spotify:album:4gDOqPP53Q8ZVnGbRB1PUG,Augen zu - Remastered 2014,2010-07-09,4cAa6FwR0cDB6vg0l7i67J,spotify:track:4cAa6FwR0cDB6vg0l7i67J,https://api.spotify.com/v1/tracks/4cAa6FwR0cDB6vg0l7i67J,https://api.spotify.com/v1/audio-analysis/4cAa6FwR0cDB6vg0l7i67J,audio_features,0.397,0.488,2,-9.231,0,0.0395,0.385,0.0302,0.947,0.196,116.739,275920,4
142,Clueso,Clueso & STÜBAphilharmonie (Remastered 2014),spotify:album:4gDOqPP53Q8ZVnGbRB1PUG,Jede Stadt - Remastered 2014,2010-07-09,7HeHYkq885rP8vjYykEgAK,spotify:track:7HeHYkq885rP8vjYykEgAK,https://api.spotify.com/v1/tracks/7HeHYkq885rP8vjYykEgAK,https://api.spotify.com/v1/audio-analysis/7HeHYkq885rP8vjYykEgAK,audio_features,0.266,0.445,7,-12.319,1,0.0328,0.489,0.000264,0.706,0.18,174.397,273640,4
143,Clueso,Clueso & STÜBAphilharmonie (Remastered 2014),spotify:album:4gDOqPP53Q8ZVnGbRB1PUG,Schreibe dir - Remastered 2014,2010-07-09,1dCYREWB6BYk8iYlXJhtcw,spotify:track:1dCYREWB6BYk8iYlXJhtcw,https://api.spotify.com/v1/tracks/1dCYREWB6BYk8iYlXJhtcw,https://api.spotify.com/v1/audio-analysis/1dCYREWB6BYk8iYlXJhtcw,audio_features,0.31,0.201,7,-13.391,1,0.0347,0.797,0.00274,0.752,0.0728,132.552,344213,4
144,Clueso,Clueso & STÜBAphilharmonie (Remastered 2014),spotify:album:4gDOqPP53Q8ZVnGbRB1PUG,Geisterstadt - Remastered 2014,2010-07-09,1053aGhkVOcKUOxsKqxPkU,spotify:track:1053aGhkVOcKUOxsKqxPkU,https://api.spotify.com/v1/tracks/1053aGhkVOcKUOxsKqxPkU,https://api.spotify.com/v1/audio-analysis/1053aGhkVOcKUOxsKqxPkU,audio_features,0.486,0.574,4,-10.574,0,0.0383,0.333,0.014,0.752,0.401,104.294,373533,4
145,Clueso,Clueso & STÜBAphilharmonie (Remastered 2014),spotify:album:4gDOqPP53Q8ZVnGbRB1PUG,Chicago - Remastered 2014,2010-07-09,3Cou0NrlTVxKC0xjwXKRtP,spotify:track:3Cou0NrlTVxKC0xjwXKRtP,https://api.spotify.com/v1/tracks/3Cou0NrlTVxKC0xjwXKRtP,https://api.spotify.com/v1/audio-analysis/3Cou0NrlTVxKC0xjwXKRtP,audio_features,0.392,0.653,2,-8.942,1,0.0805,0.329,4.02e-06,0.92,0.35,83.655,238573,4
146,Clueso,Clueso & STÜBAphilharmonie (Remastered 2014),spotify:album:4gDOqPP53Q8ZVnGbRB1PUG,Keinen Zentimeter - Remastered 2014,2010-07-09,5Z9olM6GRGCd2QwMYSsFp6,spotify:track:5Z9olM6GRGCd2QwMYSsFp6,https://api.spotify.com/v1/tracks/5Z9olM6GRGCd2QwMYSsFp6,https://api.spotify.com/v1/audio-analysis/5Z9olM6GRGCd2QwMYSsFp6,audio_features,0.605,0.608,8,-9.992,1,0.0565,0.455,0.000854,0.996,0.592,90.146,304213,4
147,Clueso,Clueso & STÜBAphilharmonie (Remastered 2014),spotify:album:4gDOqPP53Q8ZVnGbRB1PUG,Gewinner - Remastered 2014,2010-07-09,13VaYArtREGE8nAxQeRzLt,spotify:track:13VaYArtREGE8nAxQeRzLt,https://api.spotify.com/v1/tracks/13VaYArtREGE8nAxQeRzLt,https://api.spotify.com/v1/audio-analysis/13VaYArtREGE8nAxQeRzLt,audio_features,0.451,0.549,0,-9.735,1,0.0345,0.536,0.00708,0.835,0.117,109.753,303213,4
148,Clueso,Clueso & STÜBAphilharmonie (Remastered 2014),spotify:album:4gDOqPP53Q8ZVnGbRB1PUG,Pizzaschachteln - Remastered 2014,2010-07-09,4y22aKhZWqly71kmvVRJXR,spotify:track:4y22aKhZWqly71kmvVRJXR,https://api.spotify.com/v1/tracks/4y22aKhZWqly71kmvVRJXR,https://api.spotify.com/v1/audio-analysis/4y22aKhZWqly71kmvVRJXR,audio_features,0.432,0.613,7,-10.239,1,0.111,0.419,2.19e-06,0.684,0.33,83.107,287480,4
149,Clueso,Clueso & STÜBAphilharmonie (Remastered 2014),spotify:album:4gDOqPP53Q8ZVnGbRB1PUG,So sehr dabei - Remastered 2014,2010-07-09,4aCuFWUxTRpGiivohtHrvD,spotify:track:4aCuFWUxTRpGiivohtHrvD,https://api.spotify.com/v1/tracks/4aCuFWUxTRpGiivohtHrvD,https://api.spotify.com/v1/audio-analysis/4aCuFWUxTRpGiivohtHrvD,audio_features,0.36,0.339,10,-12.078,0,0.0375,0.521,0.00075,0.949,0.0594,118.083,351573,4
150,Clueso,Clueso & STÜBAphilharmonie (Remastered 2014),spotify:album:4gDOqPP53Q8ZVnGbRB1PUG,Vergessen ist so leicht - Remastered 2014,2010-07-09,1ywrXmm3NZX1WU9PV8zrYN,spotify:track:1ywrXmm3NZX1WU9PV8zrYN,https://api.spotify.com/v1/tracks/1ywrXmm3NZX1WU9PV8zrYN,https://api.spotify.com/v1/audio-analysis/1ywrXmm3NZX1WU9PV8zrYN,audio_features,0.22,0.628,7,-8.373,1,0.0396,0.538,0.000983,0.822,0.162,89.663,626893,4
151,Clueso,Clueso & STÜBAphilharmonie (Remastered 2014),spotify:album:4gDOqPP53Q8ZVnGbRB1PUG,Uh Girl - Remastered 2014,2010-07-09,5Lf4bgOl3AUtq4kh0pvymq,spotify:track:5Lf4bgOl3AUtq4kh0pvymq,https://api.spotify.com/v1/tracks/5Lf4bgOl3AUtq4kh0pvymq,https://api.spotify.com/v1/audio-analysis/5Lf4bgOl3AUtq4kh0pvymq,audio_features,0.508,0.769,8,-9.009,1,0.311,0.196,0.0,0.996,0.648,92.274,238427,4
152,Clueso,Clueso & STÜBAphilharmonie (Remastered 2014),spotify:album:4gDOqPP53Q8ZVnGbRB1PUG,Kein Bock zu gehen - Remastered 2014,2010-07-09,3gjFtOhuJfY1rT41X8foal,spotify:track:3gjFtOhuJfY1rT41X8foal,https://api.spotify.com/v1/tracks/3gjFtOhuJfY1rT41X8foal,https://api.spotify.com/v1/audio-analysis/3gjFtOhuJfY1rT41X8foal,audio_features,0.45,0.555,11,-10.071,0,0.0399,0.0411,0.000153,0.672,0.497,142.171,380653,4
153,Clueso,Clueso & STÜBAphilharmonie (Remastered 2014),spotify:album:4gDOqPP53Q8ZVnGbRB1PUG,Auf Kredit - Remastered 2014,2010-07-09,1xM0TlCbkqmrZA1Trp9mT8,spotify:track:1xM0TlCbkqmrZA1Trp9mT8,https://api.spotify.com/v1/tracks/1xM0TlCbkqmrZA1Trp9mT8,https://api.spotify.com/v1/audio-analysis/1xM0TlCbkqmrZA1Trp9mT8,audio_features,0.307,0.318,7,-13.76,1,0.0316,0.82,0.00252,0.963,0.385,67.012,238053,5
154,Clueso,So sehr dabei - Live (Remastered 2014),spotify:album:1LTRyzt7nf4FuGOCIzyCO7,Pause - Live / Remastered 2014,2009-07-03,5aBbZNpCnfQTyd8x4ulDQb,spotify:track:5aBbZNpCnfQTyd8x4ulDQb,https://api.spotify.com/v1/tracks/5aBbZNpCnfQTyd8x4ulDQb,https://api.spotify.com/v1/audio-analysis/5aBbZNpCnfQTyd8x4ulDQb,audio_features,0.438,0.596,9,-9.547,0,0.03,0.243,0.904,0.589,0.0601,143.93,188907,4
155,Clueso,So sehr dabei - Live (Remastered 2014),spotify:album:1LTRyzt7nf4FuGOCIzyCO7,Augen zu - Live / Remastered 2014,2009-07-03,5t8bKbZYFsZAsgDGepTlFV,spotify:track:5t8bKbZYFsZAsgDGepTlFV,https://api.spotify.com/v1/tracks/5t8bKbZYFsZAsgDGepTlFV,https://api.spotify.com/v1/audio-analysis/5t8bKbZYFsZAsgDGepTlFV,audio_features,0.462,0.711,2,-7.988,0,0.0362,0.4,0.00282,0.894,0.232,118.041,258053,4
156,Clueso,So sehr dabei - Live (Remastered 2014),spotify:album:1LTRyzt7nf4FuGOCIzyCO7,Jede Stadt - Live / Remastered 2014,2009-07-03,6ENrgouoHQMmG04pcqeY0N,spotify:track:6ENrgouoHQMmG04pcqeY0N,https://api.spotify.com/v1/tracks/6ENrgouoHQMmG04pcqeY0N,https://api.spotify.com/v1/audio-analysis/6ENrgouoHQMmG04pcqeY0N,audio_features,0.372,0.673,7,-6.528,1,0.0286,0.341,0.0,0.733,0.218,175.817,248240,4
157,Clueso,So sehr dabei - Live (Remastered 2014),spotify:album:1LTRyzt7nf4FuGOCIzyCO7,Utopie - Live / Remastered 2014,2009-07-03,65rdxYPZjp13j24fVgyuwt,spotify:track:65rdxYPZjp13j24fVgyuwt,https://api.spotify.com/v1/tracks/65rdxYPZjp13j24fVgyuwt,https://api.spotify.com/v1/audio-analysis/65rdxYPZjp13j24fVgyuwt,audio_features,0.578,0.913,8,-6.07,1,0.0485,0.242,0.00351,0.369,0.667,94.697,102027,4
158,Clueso,So sehr dabei - Live (Remastered 2014),spotify:album:1LTRyzt7nf4FuGOCIzyCO7,Verlierer - Live / Remastered 2014,2009-07-03,0UvNF9jL9KloqC3wkodcwO,spotify:track:0UvNF9jL9KloqC3wkodcwO,https://api.spotify.com/v1/tracks/0UvNF9jL9KloqC3wkodcwO,https://api.spotify.com/v1/audio-analysis/0UvNF9jL9KloqC3wkodcwO,audio_features,0.46,0.846,0,-5.555,0,0.0297,0.102,0.000178,0.877,0.42,112.365,215227,4
159,Clueso,So sehr dabei - Live (Remastered 2014),spotify:album:1LTRyzt7nf4FuGOCIzyCO7,Niemand an dich denkt - Live / Remastered 2014,2009-07-03,5aFiTKZLAUymAVJv7hhzFt,spotify:track:5aFiTKZLAUymAVJv7hhzFt,https://api.spotify.com/v1/tracks/5aFiTKZLAUymAVJv7hhzFt,https://api.spotify.com/v1/audio-analysis/5aFiTKZLAUymAVJv7hhzFt,audio_features,0.473,0.779,1,-6.409,1,0.0344,0.00981,2.47e-05,0.848,0.607,76.931,260347,4
160,Clueso,So sehr dabei - Live (Remastered 2014),spotify:album:1LTRyzt7nf4FuGOCIzyCO7,Frische Luft - Live / Remastered 2014,2009-07-03,7LHTRPSWwn8kxQ1T7TjwW1,spotify:track:7LHTRPSWwn8kxQ1T7TjwW1,https://api.spotify.com/v1/tracks/7LHTRPSWwn8kxQ1T7TjwW1,https://api.spotify.com/v1/audio-analysis/7LHTRPSWwn8kxQ1T7TjwW1,audio_features,0.564,0.686,7,-8.054,1,0.0723,0.321,5.19e-06,0.819,0.395,144.458,243827,4
161,Clueso,So sehr dabei - Live (Remastered 2014),spotify:album:1LTRyzt7nf4FuGOCIzyCO7,Vier kleine Wände - Live / Remastered 2014,2009-07-03,4sDzGp2d1bpRC0ClN5eyyd,spotify:track:4sDzGp2d1bpRC0ClN5eyyd,https://api.spotify.com/v1/tracks/4sDzGp2d1bpRC0ClN5eyyd,https://api.spotify.com/v1/audio-analysis/4sDzGp2d1bpRC0ClN5eyyd,audio_features,0.557,0.76,2,-8.407,0,0.0348,0.259,0.00385,0.94,0.311,98.711,264320,4
162,Clueso,So sehr dabei - Live (Remastered 2014),spotify:album:1LTRyzt7nf4FuGOCIzyCO7,Wir wolln Sommer - Live / Remastered 2014,2009-07-03,2AzI7ZLxLs0V5amRS4WtHM,spotify:track:2AzI7ZLxLs0V5amRS4WtHM,https://api.spotify.com/v1/tracks/2AzI7ZLxLs0V5amRS4WtHM,https://api.spotify.com/v1/audio-analysis/2AzI7ZLxLs0V5amRS4WtHM,audio_features,0.633,0.74,5,-7.255,1,0.0331,0.298,0.000936,0.584,0.748,96.494,306400,4
163,Clueso,So sehr dabei - Live (Remastered 2014),spotify:album:1LTRyzt7nf4FuGOCIzyCO7,Mitnehm - Live / Remastered 2014,2009-07-03,21LuG9lETg8c9b7KpMeDfe,spotify:track:21LuG9lETg8c9b7KpMeDfe,https://api.spotify.com/v1/tracks/21LuG9lETg8c9b7KpMeDfe,https://api.spotify.com/v1/audio-analysis/21LuG9lETg8c9b7KpMeDfe,audio_features,0.591,0.953,0,-5.82,0,0.0467,0.0458,4.46e-05,0.967,0.891,130.11,277800,4
164,Clueso,So sehr dabei - Live (Remastered 2014),spotify:album:1LTRyzt7nf4FuGOCIzyCO7,Keinen Zentimeter - Live / Remastered 2014,2009-07-03,6bO3clR1KteQBTGSBOFlQw,spotify:track:6bO3clR1KteQBTGSBOFlQw,https://api.spotify.com/v1/tracks/6bO3clR1KteQBTGSBOFlQw,https://api.spotify.com/v1/audio-analysis/6bO3clR1KteQBTGSBOFlQw,audio_features,0.592,0.789,8,-7.369,1,0.0298,0.303,0.0,0.764,0.615,90.824,269840,4
165,Clueso,So sehr dabei - Live (Remastered 2014),spotify:album:1LTRyzt7nf4FuGOCIzyCO7,Chicago - Live / Remastered 2014,2009-07-03,5ldm3PJ6Ca1p6rWwcIjZsl,spotify:track:5ldm3PJ6Ca1p6rWwcIjZsl,https://api.spotify.com/v1/tracks/5ldm3PJ6Ca1p6rWwcIjZsl,https://api.spotify.com/v1/audio-analysis/5ldm3PJ6Ca1p6rWwcIjZsl,audio_features,0.298,0.8,11,-6.724,0,0.0931,0.325,0.0,0.983,0.451,168.481,241600,4
166,Clueso,So sehr dabei - Live (Remastered 2014),spotify:album:1LTRyzt7nf4FuGOCIzyCO7,Kein Bock zu gehen - Live / Remastered 2014,2009-07-03,1BxmS2AHOi02xVBmMyMXLI,spotify:track:1BxmS2AHOi02xVBmMyMXLI,https://api.spotify.com/v1/tracks/1BxmS2AHOi02xVBmMyMXLI,https://api.spotify.com/v1/audio-analysis/1BxmS2AHOi02xVBmMyMXLI,audio_features,0.462,0.72,11,-6.539,0,0.039,0.0453,0.000242,0.414,0.449,140.415,410853,4
167,Clueso,So sehr dabei - Live (Remastered 2014),spotify:album:1LTRyzt7nf4FuGOCIzyCO7,So sehr dabei - Live / Remastered 2014,2009-07-03,5NPQgyoMt4GBc5rZqvJ55q,spotify:track:5NPQgyoMt4GBc5rZqvJ55q,https://api.spotify.com/v1/tracks/5NPQgyoMt4GBc5rZqvJ55q,https://api.spotify.com/v1/audio-analysis/5NPQgyoMt4GBc5rZqvJ55q,audio_features,0.554,0.421,6,-8.777,1,0.0301,0.422,0.000109,0.803,0.144,124.807,294653,4
168,Clueso,So sehr dabei - Live (Remastered 2014),spotify:album:1LTRyzt7nf4FuGOCIzyCO7,Geisterstadt - Live / Remastered 2014,2009-07-03,3yoPZ68NMfnfBdzNyuhQOE,spotify:track:3yoPZ68NMfnfBdzNyuhQOE,https://api.spotify.com/v1/tracks/3yoPZ68NMfnfBdzNyuhQOE,https://api.spotify.com/v1/audio-analysis/3yoPZ68NMfnfBdzNyuhQOE,audio_features,0.717,0.597,11,-7.177,0,0.0298,0.389,0.000623,0.867,0.433,105.471,337813,4
169,Clueso,So sehr dabei - Live (Remastered 2014),spotify:album:1LTRyzt7nf4FuGOCIzyCO7,Barfuss - Live / Remastered 2014,2009-07-03,0H3gHcgZph0ZA6TK0DAKIr,spotify:track:0H3gHcgZph0ZA6TK0DAKIr,https://api.spotify.com/v1/tracks/0H3gHcgZph0ZA6TK0DAKIr,https://api.spotify.com/v1/audio-analysis/0H3gHcgZph0ZA6TK0DAKIr,audio_features,0.228,0.707,4,-10.435,1,0.0568,0.589,0.000105,0.872,0.329,92.244,179213,4
170,Clueso,So sehr dabei - Live (Remastered 2014),spotify:album:1LTRyzt7nf4FuGOCIzyCO7,Gewinner - Single Version / Remastered 2014,2009-07-03,6q2c8lBLDzP372QgHl9JsS,spotify:track:6q2c8lBLDzP372QgHl9JsS,https://api.spotify.com/v1/tracks/6q2c8lBLDzP372QgHl9JsS,https://api.spotify.com/v1/audio-analysis/6q2c8lBLDzP372QgHl9JsS,audio_features,0.764,0.558,0,-7.683,1,0.0265,0.141,0.000308,0.103,0.387,113.606,219827,4
171,Clueso,So sehr dabei (Remastered 2014),spotify:album:0AAq3Ooaecd3Cw5AQt0qOW,Barfuss - Remastered 2014,2008-05-30,0sR4rx9gH0XskA6r4N26MW,spotify:track:0sR4rx9gH0XskA6r4N26MW,https://api.spotify.com/v1/tracks/0sR4rx9gH0XskA6r4N26MW,https://api.spotify.com/v1/audio-analysis/0sR4rx9gH0XskA6r4N26MW,audio_features,0.603,0.44,3,-10.038,1,0.0336,0.631,0.000102,0.142,0.254,92.198,159120,4
172,Clueso,So sehr dabei (Remastered 2014),spotify:album:0AAq3Ooaecd3Cw5AQt0qOW,Augen zu - Remastered 2014,2008-05-30,3pRqvkR1byufEnqBrS55MP,spotify:track:3pRqvkR1byufEnqBrS55MP,https://api.spotify.com/v1/tracks/3pRqvkR1byufEnqBrS55MP,https://api.spotify.com/v1/audio-analysis/3pRqvkR1byufEnqBrS55MP,audio_features,0.731,0.489,2,-9.355,0,0.0362,0.544,0.00412,0.0849,0.226,113.003,274560,4
173,Clueso,So sehr dabei (Remastered 2014),spotify:album:0AAq3Ooaecd3Cw5AQt0qOW,Niemand an dich denkt - Remastered 2014,2008-05-30,7GTxNOPlEXf1TPxH1Q9l9F,spotify:track:7GTxNOPlEXf1TPxH1Q9l9F,https://api.spotify.com/v1/tracks/7GTxNOPlEXf1TPxH1Q9l9F,https://api.spotify.com/v1/audio-analysis/7GTxNOPlEXf1TPxH1Q9l9F,audio_features,0.645,0.614,1,-7.038,1,0.032,0.295,0.000205,0.355,0.587,143.815,334040,4
174,Clueso,So sehr dabei (Remastered 2014),spotify:album:0AAq3Ooaecd3Cw5AQt0qOW,Wir wolln Sommer - Remastered 2014,2008-05-30,5VRNr9khdjGc8X4ahAYSFW,spotify:track:5VRNr9khdjGc8X4ahAYSFW,https://api.spotify.com/v1/tracks/5VRNr9khdjGc8X4ahAYSFW,https://api.spotify.com/v1/audio-analysis/5VRNr9khdjGc8X4ahAYSFW,audio_features,0.791,0.568,10,-7.283,0,0.0557,0.364,7.83e-05,0.136,0.7,96.13,233480,4
175,Clueso,So sehr dabei (Remastered 2014),spotify:album:0AAq3Ooaecd3Cw5AQt0qOW,Geisterstadt - Remastered 2014,2008-05-30,51nRezT6vTA1HM6mw2GXdy,spotify:track:51nRezT6vTA1HM6mw2GXdy,https://api.spotify.com/v1/tracks/51nRezT6vTA1HM6mw2GXdy,https://api.spotify.com/v1/audio-analysis/51nRezT6vTA1HM6mw2GXdy,audio_features,0.779,0.553,4,-8.385,0,0.03,0.113,0.0172,0.332,0.519,104.018,387413,4
176,Clueso,So sehr dabei (Remastered 2014),spotify:album:0AAq3Ooaecd3Cw5AQt0qOW,Mitnehm - Remastered 2014,2008-05-30,6MCPDHkbqTalDjnxgNsdcc,spotify:track:6MCPDHkbqTalDjnxgNsdcc,https://api.spotify.com/v1/tracks/6MCPDHkbqTalDjnxgNsdcc,https://api.spotify.com/v1/audio-analysis/6MCPDHkbqTalDjnxgNsdcc,audio_features,0.739,0.843,0,-6.218,0,0.0331,0.0295,0.0129,0.119,0.931,129.944,212213,4
177,Clueso,So sehr dabei (Remastered 2014),spotify:album:0AAq3Ooaecd3Cw5AQt0qOW,Gewinner - Remastered 2014,2008-05-30,0ABKnJqU2MHYU4yeZ9kEai,spotify:track:0ABKnJqU2MHYU4yeZ9kEai,https://api.spotify.com/v1/tracks/0ABKnJqU2MHYU4yeZ9kEai,https://api.spotify.com/v1/audio-analysis/0ABKnJqU2MHYU4yeZ9kEai,audio_features,0.525,0.337,0,-10.797,1,0.0557,0.751,0.000153,0.0841,0.31,107.372,226827,4
178,Clueso,So sehr dabei (Remastered 2014),spotify:album:0AAq3Ooaecd3Cw5AQt0qOW,Schreibe dir - Remastered 2014,2008-05-30,1GfWprg4RvQvaTFFqrQM3q,spotify:track:1GfWprg4RvQvaTFFqrQM3q,https://api.spotify.com/v1/tracks/1GfWprg4RvQvaTFFqrQM3q,https://api.spotify.com/v1/audio-analysis/1GfWprg4RvQvaTFFqrQM3q,audio_features,0.57,0.391,7,-7.901,1,0.0288,0.597,2.84e-05,0.11,0.0543,136.002,269040,4
179,Clueso,So sehr dabei (Remastered 2014),spotify:album:0AAq3Ooaecd3Cw5AQt0qOW,Keinen Zentimeter - Remastered 2014,2008-05-30,5v64DycnnkiEtJXiuObYhO,spotify:track:5v64DycnnkiEtJXiuObYhO,https://api.spotify.com/v1/tracks/5v64DycnnkiEtJXiuObYhO,https://api.spotify.com/v1/audio-analysis/5v64DycnnkiEtJXiuObYhO,audio_features,0.583,0.851,0,-5.364,0,0.0563,0.306,1.64e-06,0.105,0.739,176.607,206973,4
180,Clueso,So sehr dabei (Remastered 2014),spotify:album:0AAq3Ooaecd3Cw5AQt0qOW,So sein wie du - Remastered 2014,2008-05-30,6amh0WFkGgMyD7gBQ6KNBH,spotify:track:6amh0WFkGgMyD7gBQ6KNBH,https://api.spotify.com/v1/tracks/6amh0WFkGgMyD7gBQ6KNBH,https://api.spotify.com/v1/audio-analysis/6amh0WFkGgMyD7gBQ6KNBH,audio_features,0.871,0.579,4,-9.32,0,0.0716,0.109,0.0262,0.0641,0.756,131.93,298427,4
181,Clueso,So sehr dabei (Remastered 2014),spotify:album:0AAq3Ooaecd3Cw5AQt0qOW,Utopie - Remastered 2014,2008-05-30,0Q3bCxEVwKSQD2fyN1HMBM,spotify:track:0Q3bCxEVwKSQD2fyN1HMBM,https://api.spotify.com/v1/tracks/0Q3bCxEVwKSQD2fyN1HMBM,https://api.spotify.com/v1/audio-analysis/0Q3bCxEVwKSQD2fyN1HMBM,audio_features,0.632,0.62,8,-8.039,1,0.0512,0.0753,0.000218,0.176,0.445,75.002,260293,4
182,Clueso,So sehr dabei (Remastered 2014),spotify:album:0AAq3Ooaecd3Cw5AQt0qOW,Verlierer - Remastered 2014,2008-05-30,4fpV3H10av224ER22Sz46Z,spotify:track:4fpV3H10av224ER22Sz46Z,https://api.spotify.com/v1/tracks/4fpV3H10av224ER22Sz46Z,https://api.spotify.com/v1/audio-analysis/4fpV3H10av224ER22Sz46Z,audio_features,0.809,0.477,0,-8.974,0,0.0392,0.204,0.0176,0.128,0.505,106.016,187533,4
183,Clueso,So sehr dabei (Remastered 2014),spotify:album:0AAq3Ooaecd3Cw5AQt0qOW,Pause - Remastered 2014,2008-05-30,08AxvrvQHJ7nd5lDtO5pto,spotify:track:08AxvrvQHJ7nd5lDtO5pto,https://api.spotify.com/v1/tracks/08AxvrvQHJ7nd5lDtO5pto,https://api.spotify.com/v1/audio-analysis/08AxvrvQHJ7nd5lDtO5pto,audio_features,0.606,0.658,10,-14.686,0,0.0551,0.708,0.912,0.124,0.734,156.151,93133,4
184,Clueso,So sehr dabei (Remastered 2014),spotify:album:0AAq3Ooaecd3Cw5AQt0qOW,Jede Stadt - Remastered 2014,2008-05-30,4lFk0a9U8gMKd1QfSTIKMt,spotify:track:4lFk0a9U8gMKd1QfSTIKMt,https://api.spotify.com/v1/tracks/4lFk0a9U8gMKd1QfSTIKMt,https://api.spotify.com/v1/audio-analysis/4lFk0a9U8gMKd1QfSTIKMt,audio_features,0.589,0.473,7,-9.157,1,0.023,0.416,0.000114,0.114,0.164,85.98,262080,4
185,Clueso,So sehr dabei (Remastered 2014),spotify:album:0AAq3Ooaecd3Cw5AQt0qOW,So sehr dabei - Remastered 2014,2008-05-30,6dudlsUL85eMiyJgDRvY3P,spotify:track:6dudlsUL85eMiyJgDRvY3P,https://api.spotify.com/v1/tracks/6dudlsUL85eMiyJgDRvY3P,https://api.spotify.com/v1/audio-analysis/6dudlsUL85eMiyJgDRvY3P,audio_features,0.661,0.396,10,-8.464,0,0.0284,0.185,1.24e-06,0.0945,0.101,113.005,224493,4
186,Clueso,So sehr dabei (Remastered 2014),spotify:album:0AAq3Ooaecd3Cw5AQt0qOW,Abspann (Weck sie nicht auf) - Remastered 2014,2008-05-30,3kyf69tViX3ty7LP5wcDGx,spotify:track:3kyf69tViX3ty7LP5wcDGx,https://api.spotify.com/v1/tracks/3kyf69tViX3ty7LP5wcDGx,https://api.spotify.com/v1/audio-analysis/3kyf69tViX3ty7LP5wcDGx,audio_features,0.496,0.126,9,-14.867,1,0.0438,0.858,0.0,0.343,0.469,81.182,125640,4
187,Clueso,Weit weg (Remastered 2014),spotify:album:1dUmastzbLaMeSIcmSUC49,Frische Luft - Remastered 2014,2006-05-01,4mMvxZZXEGXEFprg3AG35P,spotify:track:4mMvxZZXEGXEFprg3AG35P,https://api.spotify.com/v1/tracks/4mMvxZZXEGXEFprg3AG35P,https://api.spotify.com/v1/audio-analysis/4mMvxZZXEGXEFprg3AG35P,audio_features,0.749,0.705,7,-7.125,0,0.0454,0.326,6.44e-05,0.241,0.488,138.569,282680,4
188,Clueso,Weit weg (Remastered 2014),spotify:album:1dUmastzbLaMeSIcmSUC49,Sterblich - Remastered 2014,2006-05-01,3KprSBRN50PDHdYkaBncYR,spotify:track:3KprSBRN50PDHdYkaBncYR,https://api.spotify.com/v1/tracks/3KprSBRN50PDHdYkaBncYR,https://api.spotify.com/v1/audio-analysis/3KprSBRN50PDHdYkaBncYR,audio_features,0.696,0.864,11,-6.496,0,0.0967,0.0153,0.0,0.0508,0.814,102.582,196187,4
189,Clueso,Weit weg (Remastered 2014),spotify:album:1dUmastzbLaMeSIcmSUC49,Mach's gut - Remastered 2014,2006-05-01,5s4ZjN1i0ugZAj5kcgzRjE,spotify:track:5s4ZjN1i0ugZAj5kcgzRjE,https://api.spotify.com/v1/tracks/5s4ZjN1i0ugZAj5kcgzRjE,https://api.spotify.com/v1/audio-analysis/5s4ZjN1i0ugZAj5kcgzRjE,audio_features,0.747,0.473,4,-9.29,1,0.0653,0.453,0.000245,0.103,0.576,92.145,189147,4
190,Clueso,Weit weg (Remastered 2014),spotify:album:1dUmastzbLaMeSIcmSUC49,Bleib hier - Remastered 2014,2006-05-01,6YVwIh9Nyvp2tE4g0PbpRv,spotify:track:6YVwIh9Nyvp2tE4g0PbpRv,https://api.spotify.com/v1/tracks/6YVwIh9Nyvp2tE4g0PbpRv,https://api.spotify.com/v1/audio-analysis/6YVwIh9Nyvp2tE4g0PbpRv,audio_features,0.678,0.733,7,-5.359,1,0.047,0.00746,3.14e-06,0.308,0.787,155.013,184093,4
191,Clueso,Weit weg (Remastered 2014),spotify:album:1dUmastzbLaMeSIcmSUC49,Weit weg - Remastered 2014,2006-05-01,6PzB1M7pxl1MKXXzBZJ4Kh,spotify:track:6PzB1M7pxl1MKXXzBZJ4Kh,https://api.spotify.com/v1/tracks/6PzB1M7pxl1MKXXzBZJ4Kh,https://api.spotify.com/v1/audio-analysis/6PzB1M7pxl1MKXXzBZJ4Kh,audio_features,0.434,0.683,4,-14.012,0,0.0491,0.0308,0.0178,0.37,0.714,154.96,97867,4
192,Clueso,Weit weg (Remastered 2014),spotify:album:1dUmastzbLaMeSIcmSUC49,Viel gesehen - Remastered 2014,2006-05-01,4EfNCmREopOaajfRBVvcnx,spotify:track:4EfNCmREopOaajfRBVvcnx,https://api.spotify.com/v1/tracks/4EfNCmREopOaajfRBVvcnx,https://api.spotify.com/v1/audio-analysis/4EfNCmREopOaajfRBVvcnx,audio_features,0.828,0.64,1,-8.223,1,0.0434,0.122,0.0,0.217,0.843,117.931,259667,4
193,Clueso,Weit weg (Remastered 2014),spotify:album:1dUmastzbLaMeSIcmSUC49,Winter Sommer - Remastered 2014,2006-05-01,6P3gAxiTOBRJCKP4oobuYt,spotify:track:6P3gAxiTOBRJCKP4oobuYt,https://api.spotify.com/v1/tracks/6P3gAxiTOBRJCKP4oobuYt,https://api.spotify.com/v1/audio-analysis/6P3gAxiTOBRJCKP4oobuYt,audio_features,0.591,0.213,10,-15.962,1,0.0419,0.929,0.0,0.115,0.36,119.137,204221,4
194,Clueso,Weit weg (Remastered 2014),spotify:album:1dUmastzbLaMeSIcmSUC49,Ey Tino! - Remastered 2014,2006-05-01,5eF60nu0CMkfxhoDgKpPEX,spotify:track:5eF60nu0CMkfxhoDgKpPEX,https://api.spotify.com/v1/tracks/5eF60nu0CMkfxhoDgKpPEX,https://api.spotify.com/v1/audio-analysis/5eF60nu0CMkfxhoDgKpPEX,audio_features,0.713,0.205,9,-15.642,1,0.4,0.154,0.00388,0.285,0.972,63.875,45593,4
195,Clueso,Weit weg (Remastered 2014),spotify:album:1dUmastzbLaMeSIcmSUC49,Überall bist du! - Remastered 2014,2006-05-01,5fGGIZ4cC5uwfE6QO8PFYu,spotify:track:5fGGIZ4cC5uwfE6QO8PFYu,https://api.spotify.com/v1/tracks/5fGGIZ4cC5uwfE6QO8PFYu,https://api.spotify.com/v1/audio-analysis/5fGGIZ4cC5uwfE6QO8PFYu,audio_features,0.463,0.783,6,-5.544,1,0.0424,0.00281,6.47e-05,0.117,0.157,168.215,232840,4
196,Clueso,Weit weg (Remastered 2014),spotify:album:1dUmastzbLaMeSIcmSUC49,Da wohnt so'n Typ - Remastered 2014,2006-05-01,5bU3WA1gHAm8n09mS8pJPY,spotify:track:5bU3WA1gHAm8n09mS8pJPY,https://api.spotify.com/v1/tracks/5bU3WA1gHAm8n09mS8pJPY,https://api.spotify.com/v1/audio-analysis/5bU3WA1gHAm8n09mS8pJPY,audio_features,0.65,0.565,9,-5.962,1,0.0731,0.0612,1.85e-05,0.123,0.59,90.624,219053,4
197,Clueso,Weit weg (Remastered 2014),spotify:album:1dUmastzbLaMeSIcmSUC49,Hirn ein - Remastered 2014,2006-05-01,5f5SmLOGlDsrozRLh0EbuF,spotify:track:5f5SmLOGlDsrozRLh0EbuF,https://api.spotify.com/v1/tracks/5f5SmLOGlDsrozRLh0EbuF,https://api.spotify.com/v1/audio-analysis/5f5SmLOGlDsrozRLh0EbuF,audio_features,0.528,0.929,7,-6.879,1,0.132,0.00263,0.0,0.126,0.68,175.992,188651,4
198,Clueso,Weit weg (Remastered 2014),spotify:album:1dUmastzbLaMeSIcmSUC49,Crash - Remastered 2014,2006-05-01,4puRtzh1tPo4So5u0iaC2y,spotify:track:4puRtzh1tPo4So5u0iaC2y,https://api.spotify.com/v1/tracks/4puRtzh1tPo4So5u0iaC2y,https://api.spotify.com/v1/audio-analysis/4puRtzh1tPo4So5u0iaC2y,audio_features,0.649,0.879,5,-6.354,0,0.0637,0.0558,0.0126,0.1,0.54,149.983,248436,4
199,Clueso,Weit weg (Remastered 2014),spotify:album:1dUmastzbLaMeSIcmSUC49,Schwer - Remastered 2014,2006-05-01,3z1pd4AQJK2jsns4JPi9dd,spotify:track:3z1pd4AQJK2jsns4JPi9dd,https://api.spotify.com/v1/tracks/3z1pd4AQJK2jsns4JPi9dd,https://api.spotify.com/v1/audio-analysis/3z1pd4AQJK2jsns4JPi9dd,audio_features,0.418,0.589,0,-7.874,1,0.108,0.155,0.000186,0.0986,0.368,146.423,249116,4
200,Clueso,Weit weg (Remastered 2014),spotify:album:1dUmastzbLaMeSIcmSUC49,Chicago - Remastered 2014,2006-05-01,5oPSBJ5WQNwRL9ICtohYfo,spotify:track:5oPSBJ5WQNwRL9ICtohYfo,https://api.spotify.com/v1/tracks/5oPSBJ5WQNwRL9ICtohYfo,https://api.spotify.com/v1/audio-analysis/5oPSBJ5WQNwRL9ICtohYfo,audio_features,0.632,0.652,2,-6.591,1,0.0394,0.191,0.0,0.109,0.388,81.988,212678,4
201,Clueso,Weit weg (Remastered 2014),spotify:album:1dUmastzbLaMeSIcmSUC49,Morgen gestern - Remastered 2014,2006-05-01,0Wp9gNXARuYE8K4KvkkTts,spotify:track:0Wp9gNXARuYE8K4KvkkTts,https://api.spotify.com/v1/tracks/0Wp9gNXARuYE8K4KvkkTts,https://api.spotify.com/v1/audio-analysis/0Wp9gNXARuYE8K4KvkkTts,audio_features,0.876,0.358,2,-8.97,0,0.211,0.28,2.11e-06,0.102,0.558,87.021,313451,4
202,Clueso,Weit weg (Remastered 2014),spotify:album:1dUmastzbLaMeSIcmSUC49,Mein Bestes - Remastered 2014,2006-05-01,5JALbonIvNRaOIARL3K8sh,spotify:track:5JALbonIvNRaOIARL3K8sh,https://api.spotify.com/v1/tracks/5JALbonIvNRaOIARL3K8sh,https://api.spotify.com/v1/audio-analysis/5JALbonIvNRaOIARL3K8sh,audio_features,0.686,0.443,6,-7.93,0,0.0521,0.854,8.03e-06,0.103,0.729,169.875,146137,4
203,Clueso,Weit weg (Remastered 2014),spotify:album:1dUmastzbLaMeSIcmSUC49,Out Of Space - Remastered 2014,2006-05-01,1gr0Fq93Yo7N6XESAcZWxh,spotify:track:1gr0Fq93Yo7N6XESAcZWxh,https://api.spotify.com/v1/tracks/1gr0Fq93Yo7N6XESAcZWxh,https://api.spotify.com/v1/audio-analysis/1gr0Fq93Yo7N6XESAcZWxh,audio_features,0.706,0.752,9,-7.017,1,0.0344,0.12,0.0,0.11,0.944,121.973,230708,4
204,Clueso,Weit weg (Remastered 2014),spotify:album:1dUmastzbLaMeSIcmSUC49,Eintagsfliege - Remastered 2014,2006-05-01,6myVshcKEPyMvGLpG7BHEo,spotify:track:6myVshcKEPyMvGLpG7BHEo,https://api.spotify.com/v1/tracks/6myVshcKEPyMvGLpG7BHEo,https://api.spotify.com/v1/audio-analysis/6myVshcKEPyMvGLpG7BHEo,audio_features,0.863,0.295,9,-12.032,0,0.274,0.55,0.00631,0.0936,0.337,127.781,248661,4
205,Clueso,Gute Musik (Remastered 2014),spotify:album:2VyQxxAHFs2wZNuMJ7JtCL,Nacht unterwegs - Remastered 2014,2004-06-18,4UBI0UDG8KZzVClxID1dWP,spotify:track:4UBI0UDG8KZzVClxID1dWP,https://api.spotify.com/v1/tracks/4UBI0UDG8KZzVClxID1dWP,https://api.spotify.com/v1/audio-analysis/4UBI0UDG8KZzVClxID1dWP,audio_features,0.616,0.722,5,-7.811,0,0.0352,0.09,0.00124,0.141,0.887,167.824,286173,4
206,Clueso,Gute Musik (Remastered 2014),spotify:album:2VyQxxAHFs2wZNuMJ7JtCL,Das Level - Remastered 2014,2004-06-18,1Ns01tGtkGtsNc8sprqUji,spotify:track:1Ns01tGtkGtsNc8sprqUji,https://api.spotify.com/v1/tracks/1Ns01tGtkGtsNc8sprqUji,https://api.spotify.com/v1/audio-analysis/1Ns01tGtkGtsNc8sprqUji,audio_features,0.771,0.669,6,-10.037,1,0.063,0.0456,0.000948,0.0849,0.931,104.296,275973,4
207,Clueso,Gute Musik (Remastered 2014),spotify:album:2VyQxxAHFs2wZNuMJ7JtCL,Uh Girl - Remastered 2014,2004-06-18,6MvQI47itWgBKdk1pZFWRt,spotify:track:6MvQI47itWgBKdk1pZFWRt,https://api.spotify.com/v1/tracks/6MvQI47itWgBKdk1pZFWRt,https://api.spotify.com/v1/audio-analysis/6MvQI47itWgBKdk1pZFWRt,audio_features,0.57,0.838,10,-8.788,0,0.0712,0.0632,0.0,0.357,0.799,92.748,284200,4
208,Clueso,Gute Musik (Remastered 2014),spotify:album:2VyQxxAHFs2wZNuMJ7JtCL,Gute Musik - Remastered 2014,2004-06-18,5Vo14ysW8BuY1Ttqx1rH3L,spotify:track:5Vo14ysW8BuY1Ttqx1rH3L,https://api.spotify.com/v1/tracks/5Vo14ysW8BuY1Ttqx1rH3L,https://api.spotify.com/v1/audio-analysis/5Vo14ysW8BuY1Ttqx1rH3L,audio_features,0.604,0.567,8,-9.465,1,0.0398,0.526,0.004,0.0501,0.61,79.526,330347,4
209,Clueso,Gute Musik (Remastered 2014),spotify:album:2VyQxxAHFs2wZNuMJ7JtCL,Dort wo Du wohnst - Remastered 2014,2004-06-18,795uJbswVL00MBW4REcChk,spotify:track:795uJbswVL00MBW4REcChk,https://api.spotify.com/v1/tracks/795uJbswVL00MBW4REcChk,https://api.spotify.com/v1/audio-analysis/795uJbswVL00MBW4REcChk,audio_features,0.858,0.29,5,-9.34,0,0.315,0.145,3.88e-06,0.154,0.746,86.496,188813,4
210,Clueso,Gute Musik (Remastered 2014),spotify:album:2VyQxxAHFs2wZNuMJ7JtCL,Es wird heiss! - Remastered 2014,2004-06-18,6F71EBA24TDaNGtUimschP,spotify:track:6F71EBA24TDaNGtUimschP,https://api.spotify.com/v1/tracks/6F71EBA24TDaNGtUimschP,https://api.spotify.com/v1/audio-analysis/6F71EBA24TDaNGtUimschP,audio_features,0.744,0.411,10,-11.18,0,0.352,0.121,3.23e-06,0.0707,0.629,158.81,72267,4
211,Clueso,Gute Musik (Remastered 2014),spotify:album:2VyQxxAHFs2wZNuMJ7JtCL,Love The People - Remastered 2014,2004-06-18,2TKDpYUGZ18qB15I888fk9,spotify:track:2TKDpYUGZ18qB15I888fk9,https://api.spotify.com/v1/tracks/2TKDpYUGZ18qB15I888fk9,https://api.spotify.com/v1/audio-analysis/2TKDpYUGZ18qB15I888fk9,audio_features,0.76,0.846,10,-6.957,0,0.0872,0.0145,0.0,0.175,0.911,158.98,233053,4
212,Clueso,Gute Musik (Remastered 2014),spotify:album:2VyQxxAHFs2wZNuMJ7JtCL,Kalter Kaffee (Interlude) - Remastered 2014,2004-06-18,1UNDDtt6Q2p0mZzgJYtWDT,spotify:track:1UNDDtt6Q2p0mZzgJYtWDT,https://api.spotify.com/v1/tracks/1UNDDtt6Q2p0mZzgJYtWDT,https://api.spotify.com/v1/audio-analysis/1UNDDtt6Q2p0mZzgJYtWDT,audio_features,0.552,0.354,1,-21.163,1,0.543,0.818,0.0,0.598,0.65,100.793,18800,5
213,Clueso,Gute Musik (Remastered 2014),spotify:album:2VyQxxAHFs2wZNuMJ7JtCL,Bescheid - Remastered 2014,2004-06-18,7en8oTNL2iUZjjZc7SqKDB,spotify:track:7en8oTNL2iUZjjZc7SqKDB,https://api.spotify.com/v1/tracks/7en8oTNL2iUZjjZc7SqKDB,https://api.spotify.com/v1/audio-analysis/7en8oTNL2iUZjjZc7SqKDB,audio_features,0.858,0.781,1,-6.928,1,0.0432,0.0491,0.395,0.0829,0.823,120.015,299813,4
214,Clueso,Gute Musik (Remastered 2014),spotify:album:2VyQxxAHFs2wZNuMJ7JtCL,Vier kleine Wände - Remastered 2014,2004-06-18,4vOUeGGeWkaM6N35KUuDCQ,spotify:track:4vOUeGGeWkaM6N35KUuDCQ,https://api.spotify.com/v1/tracks/4vOUeGGeWkaM6N35KUuDCQ,https://api.spotify.com/v1/audio-analysis/4vOUeGGeWkaM6N35KUuDCQ,audio_features,0.715,0.583,9,-8.575,0,0.4,0.12,0.000286,0.33,0.699,85.274,190547,4
215,Clueso,Gute Musik (Remastered 2014),spotify:album:2VyQxxAHFs2wZNuMJ7JtCL,City-Pizza-Express (Interlude) - Remastered 2014,2004-06-18,73YAkg9qYmt9KlQ8WBqU6B,spotify:track:73YAkg9qYmt9KlQ8WBqU6B,https://api.spotify.com/v1/tracks/73YAkg9qYmt9KlQ8WBqU6B,https://api.spotify.com/v1/audio-analysis/73YAkg9qYmt9KlQ8WBqU6B,audio_features,0.728,0.568,10,-8.095,0,0.0337,0.01,0.44,0.111,0.854,130.037,163453,4
216,Clueso,Gute Musik (Remastered 2014),spotify:album:2VyQxxAHFs2wZNuMJ7JtCL,Pizzaschachteln - Remastered 2014,2004-06-18,5amt5V0C8e0T5tdYgPW1u8,spotify:track:5amt5V0C8e0T5tdYgPW1u8,https://api.spotify.com/v1/tracks/5amt5V0C8e0T5tdYgPW1u8,https://api.spotify.com/v1/audio-analysis/5amt5V0C8e0T5tdYgPW1u8,audio_features,0.56,0.67,7,-7.787,1,0.111,0.198,1.2e-06,0.0911,0.714,78.724,262000,4
217,Clueso,Gute Musik (Remastered 2014),spotify:album:2VyQxxAHFs2wZNuMJ7JtCL,Wie heisst'n Du? (Interlude) - Remastered 2014,2004-06-18,3BpxuMKLU5Ou4m3MfIiG41,spotify:track:3BpxuMKLU5Ou4m3MfIiG41,https://api.spotify.com/v1/tracks/3BpxuMKLU5Ou4m3MfIiG41,https://api.spotify.com/v1/audio-analysis/3BpxuMKLU5Ou4m3MfIiG41,audio_features,0.487,0.449,5,-15.659,1,0.125,0.0238,2.8e-05,0.199,0.835,119.291,25560,3
218,Clueso,Gute Musik (Remastered 2014),spotify:album:2VyQxxAHFs2wZNuMJ7JtCL,Wart mal - Remastered 2014,2004-06-18,5BUg8hrHN8fcYgfWvr9CzG,spotify:track:5BUg8hrHN8fcYgfWvr9CzG,https://api.spotify.com/v1/tracks/5BUg8hrHN8fcYgfWvr9CzG,https://api.spotify.com/v1/audio-analysis/5BUg8hrHN8fcYgfWvr9CzG,audio_features,0.855,0.69,10,-6.607,0,0.057,0.094,0.00071,0.0766,0.517,113.532,244813,4
219,Clueso,Gute Musik (Remastered 2014),spotify:album:2VyQxxAHFs2wZNuMJ7JtCL,Vergessen ist so leicht - Remastered 2014,2004-06-18,1T6vXUsoyjQC0c8kk96gSv,spotify:track:1T6vXUsoyjQC0c8kk96gSv,https://api.spotify.com/v1/tracks/1T6vXUsoyjQC0c8kk96gSv,https://api.spotify.com/v1/audio-analysis/1T6vXUsoyjQC0c8kk96gSv,audio_features,0.648,0.717,5,-8.633,1,0.0361,0.271,0.000283,0.535,0.523,93.479,263240,4
220,Clueso,Gute Musik (Remastered 2014),spotify:album:2VyQxxAHFs2wZNuMJ7JtCL,Fanpost - Remastered 2014,2004-06-18,0J2iYgR9hkdSPDpsJWOHdc,spotify:track:0J2iYgR9hkdSPDpsJWOHdc,https://api.spotify.com/v1/tracks/0J2iYgR9hkdSPDpsJWOHdc,https://api.spotify.com/v1/audio-analysis/0J2iYgR9hkdSPDpsJWOHdc,audio_features,0.782,0.415,6,-10.722,1,0.0402,0.681,0.000247,0.3,0.672,101.205,232867,4
221,Clueso,Gute Musik (Remastered 2014),spotify:album:2VyQxxAHFs2wZNuMJ7JtCL,Egal wo! - Remastered 2014,2004-06-18,10JQTqvTjNqM5C0n4awh6L,spotify:track:10JQTqvTjNqM5C0n4awh6L,https://api.spotify.com/v1/tracks/10JQTqvTjNqM5C0n4awh6L,https://api.spotify.com/v1/audio-analysis/10JQTqvTjNqM5C0n4awh6L,audio_features,0.625,0.498,5,-6.745,1,0.411,0.0815,0.0,0.443,0.845,88.354,281760,4
222,Clueso,Gute Musik (Remastered 2014),spotify:album:2VyQxxAHFs2wZNuMJ7JtCL,Ich geh heim! - Remastered 2014,2004-06-18,5srEb7nnKO6FVra7O2Zhce,spotify:track:5srEb7nnKO6FVra7O2Zhce,https://api.spotify.com/v1/tracks/5srEb7nnKO6FVra7O2Zhce,https://api.spotify.com/v1/audio-analysis/5srEb7nnKO6FVra7O2Zhce,audio_features,0.509,0.337,0,-14.147,0,0.355,0.414,0.0,0.291,0.633,87.04,42773,3
223,Clueso,Gute Musik (Remastered 2014),spotify:album:2VyQxxAHFs2wZNuMJ7JtCL,Herz Boom Boom - Remastered 2014,2004-06-18,5xs1bzbd06yaJ2yo0f2aT5,spotify:track:5xs1bzbd06yaJ2yo0f2aT5,https://api.spotify.com/v1/tracks/5xs1bzbd06yaJ2yo0f2aT5,https://api.spotify.com/v1/audio-analysis/5xs1bzbd06yaJ2yo0f2aT5,audio_features,0.77,0.499,6,-10.434,1,0.613,0.371,4.01e-06,0.095,0.912,203.362,232947,3
224,Clueso,Gute Musik (Remastered 2014),spotify:album:2VyQxxAHFs2wZNuMJ7JtCL,Vorspiel - Remastered 2014,2004-06-18,5sF3R4pUTnMoha2EZPklFW,spotify:track:5sF3R4pUTnMoha2EZPklFW,https://api.spotify.com/v1/tracks/5sF3R4pUTnMoha2EZPklFW,https://api.spotify.com/v1/audio-analysis/5sF3R4pUTnMoha2EZPklFW,audio_features,0.549,0.162,11,-17.945,0,0.0476,0.688,0.363,0.11,0.105,82.169,58027,4
225,Clueso,Gute Musik (Remastered 2014),spotify:album:2VyQxxAHFs2wZNuMJ7JtCL,Kein Bock zu gehen - Remastered 2014,2004-06-18,7KZsksU3MwoICQqRM9vh88,spotify:track:7KZsksU3MwoICQqRM9vh88,https://api.spotify.com/v1/tracks/7KZsksU3MwoICQqRM9vh88,https://api.spotify.com/v1/audio-analysis/7KZsksU3MwoICQqRM9vh88,audio_features,0.589,0.605,11,-8.455,0,0.0399,0.138,6.81e-05,0.166,0.65,139.336,351707,4
226,Clueso,Text und Ton (Remastered 2014),spotify:album:4eNfhKwooJrEQf3rQExao2,Intro - Remastered 2014,2001-04-30,39ZoMbKCwojEfMPoIOlUoR,spotify:track:39ZoMbKCwojEfMPoIOlUoR,https://api.spotify.com/v1/tracks/39ZoMbKCwojEfMPoIOlUoR,https://api.spotify.com/v1/audio-analysis/39ZoMbKCwojEfMPoIOlUoR,audio_features,0.922,0.539,9,-8.625,0,0.289,0.493,0.00178,0.0811,0.766,94.916,112773,4
227,Clueso,Text und Ton (Remastered 2014),spotify:album:4eNfhKwooJrEQf3rQExao2,Deine Stimme - Remastered 2014,2001-04-30,0VoOiZDQ1obWg5jWOVeWzv,spotify:track:0VoOiZDQ1obWg5jWOVeWzv,https://api.spotify.com/v1/tracks/0VoOiZDQ1obWg5jWOVeWzv,https://api.spotify.com/v1/audio-analysis/0VoOiZDQ1obWg5jWOVeWzv,audio_features,0.781,0.592,4,-8.404,0,0.287,0.554,2.34e-06,0.114,0.621,89.91,173093,4
228,Clueso,Text und Ton (Remastered 2014),spotify:album:4eNfhKwooJrEQf3rQExao2,Sonne geht auf - Remastered 2014,2001-04-30,5ZCS2reN71sbnCMgSlLv8Q,spotify:track:5ZCS2reN71sbnCMgSlLv8Q,https://api.spotify.com/v1/tracks/5ZCS2reN71sbnCMgSlLv8Q,https://api.spotify.com/v1/audio-analysis/5ZCS2reN71sbnCMgSlLv8Q,audio_features,0.689,0.522,2,-8.017,1,0.204,0.274,0.000442,0.0797,0.485,91.163,213733,4
229,Clueso,Text und Ton (Remastered 2014),spotify:album:4eNfhKwooJrEQf3rQExao2,Grid Locked (feat. Snaz & Remarkable) - Remastered 2014,2001-04-30,4A6eP53lA0pG8oPxsl9xKG,spotify:track:4A6eP53lA0pG8oPxsl9xKG,https://api.spotify.com/v1/tracks/4A6eP53lA0pG8oPxsl9xKG,https://api.spotify.com/v1/audio-analysis/4A6eP53lA0pG8oPxsl9xKG,audio_features,0.649,0.794,1,-7.065,1,0.395,0.275,0.0,0.163,0.548,95.117,260507,4
230,Clueso,Text und Ton (Remastered 2014),spotify:album:4eNfhKwooJrEQf3rQExao2,My Own World - Remastered 2014,2001-04-30,3YccpYSAmWvOVJDpYkY42M,spotify:track:3YccpYSAmWvOVJDpYkY42M,https://api.spotify.com/v1/tracks/3YccpYSAmWvOVJDpYkY42M,https://api.spotify.com/v1/audio-analysis/3YccpYSAmWvOVJDpYkY42M,audio_features,0.774,0.311,8,-9.547,0,0.123,0.0958,0.861,0.11,0.323,80.286,112693,4
231,Clueso,Text und Ton (Remastered 2014),spotify:album:4eNfhKwooJrEQf3rQExao2,Gib mir Mut - Remastered 2014,2001-04-30,7c0vI1YiNqiM9Em4qVm6qe,spotify:track:7c0vI1YiNqiM9Em4qVm6qe,https://api.spotify.com/v1/tracks/7c0vI1YiNqiM9Em4qVm6qe,https://api.spotify.com/v1/audio-analysis/7c0vI1YiNqiM9Em4qVm6qe,audio_features,0.714,0.634,4,-6.679,0,0.276,0.349,0.0,0.181,0.501,91.09,214733,4
232,Clueso,Text und Ton (Remastered 2014),spotify:album:4eNfhKwooJrEQf3rQExao2,Sweet Memories - Remastered 2014,2001-04-30,7yMuAEXpmFqqsmO02hOTsl,spotify:track:7yMuAEXpmFqqsmO02hOTsl,https://api.spotify.com/v1/tracks/7yMuAEXpmFqqsmO02hOTsl,https://api.spotify.com/v1/audio-analysis/7yMuAEXpmFqqsmO02hOTsl,audio_features,0.826,0.585,1,-7.482,1,0.38,0.0773,0.000313,0.126,0.346,93.026,203707,4
233,Clueso,Text und Ton (Remastered 2014),spotify:album:4eNfhKwooJrEQf3rQExao2,Kaffee - Remastered 2014,2001-04-30,6BgySTxVMqDpP2lbYGT7wV,spotify:track:6BgySTxVMqDpP2lbYGT7wV,https://api.spotify.com/v1/tracks/6BgySTxVMqDpP2lbYGT7wV,https://api.spotify.com/v1/audio-analysis/6BgySTxVMqDpP2lbYGT7wV,audio_features,0.793,0.722,1,-7.606,1,0.18,0.261,4.25e-06,0.196,0.862,93.038,133560,4
234,Clueso,Text und Ton (Remastered 2014),spotify:album:4eNfhKwooJrEQf3rQExao2,Jenseits von eben - Remastered 2014,2001-04-30,0M5hEbmEUev733KmzGLnkF,spotify:track:0M5hEbmEUev733KmzGLnkF,https://api.spotify.com/v1/tracks/0M5hEbmEUev733KmzGLnkF,https://api.spotify.com/v1/audio-analysis/0M5hEbmEUev733KmzGLnkF,audio_features,0.698,0.318,5,-12.568,1,0.0671,0.916,0.553,0.0957,0.276,99.893,90400,4
235,Clueso,Text und Ton (Remastered 2014),spotify:album:4eNfhKwooJrEQf3rQExao2,Never Been Broke - Remastered 2014,2001-04-30,7tRhEzBnw33yl6mSjFgImP,spotify:track:7tRhEzBnw33yl6mSjFgImP,https://api.spotify.com/v1/tracks/7tRhEzBnw33yl6mSjFgImP,https://api.spotify.com/v1/audio-analysis/7tRhEzBnw33yl6mSjFgImP,audio_features,0.652,0.685,10,-7.657,0,0.345,0.641,7.95e-06,0.546,0.883,91.542,98173,4
236,Clueso,Text und Ton (Remastered 2014),spotify:album:4eNfhKwooJrEQf3rQExao2,Old To The New (feat. Stir M & Layguuan Sharkie) - Remastered 2014,2001-04-30,3qxhVpcBGzEgISd9fY2cHw,spotify:track:3qxhVpcBGzEgISd9fY2cHw,https://api.spotify.com/v1/tracks/3qxhVpcBGzEgISd9fY2cHw,https://api.spotify.com/v1/audio-analysis/3qxhVpcBGzEgISd9fY2cHw,audio_features,0.668,0.698,5,-6.081,0,0.309,0.539,7.38e-06,0.323,0.931,87.826,272800,4
237,Clueso,Text und Ton (Remastered 2014),spotify:album:4eNfhKwooJrEQf3rQExao2,Die Lauten stinken nicht / Nimm dir die Zeit 98' - Remastered 2014,2001-04-30,0yn5iShAKTEL31750zGSyO,spotify:track:0yn5iShAKTEL31750zGSyO,https://api.spotify.com/v1/tracks/0yn5iShAKTEL31750zGSyO,https://api.spotify.com/v1/audio-analysis/0yn5iShAKTEL31750zGSyO,audio_features,0.565,0.587,4,-9.616,0,0.473,0.288,0.00416,0.273,0.555,173.268,226560,4
238,Clueso,Text und Ton (Remastered 2014),spotify:album:4eNfhKwooJrEQf3rQExao2,Sag mir wo - Remastered 2014,2001-04-30,1aQdz8ZXLgBOqs4Vcddeko,spotify:track:1aQdz8ZXLgBOqs4Vcddeko,https://api.spotify.com/v1/tracks/1aQdz8ZXLgBOqs4Vcddeko,https://api.spotify.com/v1/audio-analysis/1aQdz8ZXLgBOqs4Vcddeko,audio_features,0.575,0.787,4,-6.909,0,0.309,0.423,0.0,0.247,0.581,91.777,221573,4
239,Clueso,Text und Ton (Remastered 2014),spotify:album:4eNfhKwooJrEQf3rQExao2,Master Girl - Remastered 2014,2001-04-30,647XDosRlyTSBVzlP35zZO,spotify:track:647XDosRlyTSBVzlP35zZO,https://api.spotify.com/v1/tracks/647XDosRlyTSBVzlP35zZO,https://api.spotify.com/v1/audio-analysis/647XDosRlyTSBVzlP35zZO,audio_features,0.66,0.666,1,-7.656,1,0.0706,0.707,0.908,0.159,0.749,158.011,111133,4
240,Clueso,Text und Ton (Remastered 2014),spotify:album:4eNfhKwooJrEQf3rQExao2,Spiel da nich mit - Remastered 2014,2001-04-30,3IZDWCuauLon6VpaMC684x,spotify:track:3IZDWCuauLon6VpaMC684x,https://api.spotify.com/v1/tracks/3IZDWCuauLon6VpaMC684x,https://api.spotify.com/v1/audio-analysis/3IZDWCuauLon6VpaMC684x,audio_features,0.657,0.852,11,-7.405,0,0.364,0.0614,1.37e-05,0.0815,0.255,168.972,255693,4
241,Clueso,Text und Ton (Remastered 2014),spotify:album:4eNfhKwooJrEQf3rQExao2,Text und Ton - Remastered 2014,2001-04-30,2k6l2IHuXeGO1y8sFXQNpS,spotify:track:2k6l2IHuXeGO1y8sFXQNpS,https://api.spotify.com/v1/tracks/2k6l2IHuXeGO1y8sFXQNpS,https://api.spotify.com/v1/audio-analysis/2k6l2IHuXeGO1y8sFXQNpS,audio_features,0.665,0.375,8,-15.536,0,0.138,0.416,0.334,0.151,0.788,162.324,53573,4
242,Clueso,Text und Ton (Remastered 2014),spotify:album:4eNfhKwooJrEQf3rQExao2,Migrant Souls (feat. Layguuan Sharkie & MC Metaphysics) - Remastered 2014,2001-04-30,4wyHkWYPqKIsWG2C5ek6MR,spotify:track:4wyHkWYPqKIsWG2C5ek6MR,https://api.spotify.com/v1/tracks/4wyHkWYPqKIsWG2C5ek6MR,https://api.spotify.com/v1/audio-analysis/4wyHkWYPqKIsWG2C5ek6MR,audio_features,0.818,0.518,2,-8.7,1,0.227,0.531,4.59e-05,0.255,0.56,90.898,213067,4
243,Clueso,Text und Ton (Remastered 2014),spotify:album:4eNfhKwooJrEQf3rQExao2,Auf und ab - Remastered 2014,2001-04-30,78TXe0EE44AWj7PGo1dugL,spotify:track:78TXe0EE44AWj7PGo1dugL,https://api.spotify.com/v1/tracks/78TXe0EE44AWj7PGo1dugL,https://api.spotify.com/v1/audio-analysis/78TXe0EE44AWj7PGo1dugL,audio_features,0.707,0.592,5,-8.077,0,0.364,0.415,0.00281,0.382,0.421,92.565,219867,4
